sid	category	name
11172130	Push	 Digital Turbine H&R Block
11165504	Domain	19Parking Domain
11169039	Pop/Lightbox	50onRed FreeShipping
11167039	Pop/Lightbox	50onred-contextual-intext-Experian Nonbranded-direct-us
11167439	Pop/Lightbox	50onRed-intext-TightropeUSA-kw-us-direct
11166486	Pop/Lightbox	50onRed-pop-over-Experian NonBranded-kw-us-direct
11165997	Pop/Lightbox	50onRed-pop-over-Hulu_Branded-kw-us-direct
11167965	Pop/Lightbox	50onred-pop-over-Mcafee FR
11167107	Pop/Lightbox	50onRed-pop-over-Mcafee-kw-us-direct
11167122	Pop/Lightbox	50onRed-pop-over-OneHour-kw-us-direct
11167417	Pop/Lightbox	50onRed-pop-over-Zappos-kw-us-direct
11171722	Internal	Ad.net Mercedes Benz Push Notification
11171815	Internal	Ad.net O&O Domain
11171635	Internal	AdDotNet
11171866	Internal	AdDotNet Test Affiliate InActive Source
11170022	Pop/Lightbox	AdMedia New Tab
11168458	Domain	AdrenalAds Domain
11171657	Internal	ADTEST
11172143	Pop/Lightbox	Advertise - KeenFootwear
11172144	Pop/Lightbox	Advertise - MorningBrew
11172145	Pop/Lightbox	Advertise - OF_Hulu
11171652	Pop/Lightbox	Advertise com
11171653	Pop/Lightbox	Advertise com
11171630	Pop/Lightbox	Advertise com
11171664	Pop/Lightbox	Advertise com
11171660	Pop/Lightbox	Advertise com
11171634	Pop/Lightbox	Advertise com
11170574	Pop/Lightbox	Advertise com
11169593	Pop/Lightbox	Advertise com Intelius
11170902	Pop/Lightbox	Advertise com Interstitial Experian NonBranded
11172139	Pop/Lightbox	Advertise com MB 55 Places
11170320	Pop/Lightbox	Advertise com MB Bates Brand
11170490	Pop/Lightbox	Advertise com MB Chewy Brand
11170489	Pop/Lightbox	Advertise com MB Chewy Competitor
11170488	Pop/Lightbox	Advertise com MB Chewy NonBrand
11171394	Pop/Lightbox	Advertise com MB Edmunds Car Incentives RON
11171395	Pop/Lightbox	Advertise com MB Edmunds Electric Cars
11171717	Pop/Lightbox	Advertise com MB Edmunds LR Discovery
11171718	Pop/Lightbox	Advertise com MB Edmunds LR Discovery Sport
11171719	Pop/Lightbox	Advertise com MB Edmunds LR Range Rover
11171720	Pop/Lightbox	Advertise com MB Edmunds LR Range Rover Sport
11171689	Pop/Lightbox	Advertise com MB Edmunds Minivan
11170728	Pop/Lightbox	Advertise com MB Edmunds Sedan
11170680	Pop/Lightbox	Advertise com MB Edmunds SUV
11172037	Pop/Lightbox	Advertise com MB Essilor
11170935	Pop/Lightbox	Advertise com MB Forever 21
11171299	Pop/Lightbox	Advertise com MB Lucid Chart
11169674	Pop/Lightbox	Advertise com MB Macys
11169922	Pop/Lightbox	advertise com MB Merrell Brand
11170635	Pop/Lightbox	Advertise com MB Monevo
11172124	Pop/Lightbox	Advertise com MB National Geographic
11170684	Pop/Lightbox	Advertise com MB Nature Made Amazon
11169918	Pop/Lightbox	advertise com MB NSO Brand
11169909	Pop/Lightbox	advertise com MB Pandora Brand
11170934	Pop/Lightbox	Advertise com MB Parachute Home
11170852	Pop/Lightbox	Advertise com MB Sage
11172154	Pop/Lightbox	Advertise com MB SAN
11170292	Pop/Lightbox	Advertise com MB SAP Analytics
11170326	Pop/Lightbox	Advertise com MB SAP Brand
11170327	Pop/Lightbox	Advertise com MB SAP Cloud ERP
11169931	Pop/Lightbox	advertise com MB Saucony Brand
11171277	Pop/Lightbox	Advertise com MB Sears
11169926	Pop/Lightbox	advertise com MB Sperry Brand
11171885	Pop/Lightbox	Advertise com MB Tea Collection
11171865	Pop/Lightbox	Advertise com MB Zenni Non Brand
11170879	Pop/Lightbox	Advertise com MB Zip Recruiter
11170836	Pop/Lightbox	Advertise com RON Edmunds Car Reviews
11170729	Pop/Lightbox	Advertise com RON Edmunds Sedan
11170682	Pop/Lightbox	Advertise com RON Edmunds SUV
11170835	Pop/Lightbox	Advertise com RON Edmunds Trucks
11169591	Pop/Lightbox	Advertise com Webstaurant Store
11172000	Pop/Lightbox	Advertise com Zenni
11170494	Pop/Lightbox	Advertise KPIF - GA
11171147	Pop/Lightbox	Advertise MB - Blu Dot
11171140	Pop/Lightbox	Advertise MB - Round Sky
11172035	Pop/Lightbox	Advertise MB AbeBooks
11170238	Pop/Lightbox	Advertise MB ApartmentList
11170239	Pop/Lightbox	Advertise MB ApartmentList TextLink
11171937	Pop/Lightbox	Advertise MB Best Western - Brand
11171938	Pop/Lightbox	Advertise MB Best Western - Location
11170725	Pop/Lightbox	Advertise MB Burpee
11170672	Pop/Lightbox	Advertise MB Buttercloth NonBrand
11169981	Pop/Lightbox	Advertise MB Carbon38 Brand
11170110	Pop/Lightbox	Advertise MB Carbon38 Brand TextLink
11171934	Pop/Lightbox	Advertise MB Choice Hotels - Brand
11171936	Pop/Lightbox	Advertise MB Choice Hotels - Competitor
11171935	Pop/Lightbox	Advertise MB Choice Hotels - Nonbrand
11170280	Pop/Lightbox	Advertise MB Dollar Shave Club US Brand
11170124	Pop/Lightbox	Advertise MB Dollar Shave Club US Brand TextLink
11170125	Pop/Lightbox	Advertise MB Dollar Shave Club US Conquest TextLink
11170281	Pop/Lightbox	Advertise MB Dollar Shave Club US NonBrand
11170126	Pop/Lightbox	Advertise MB Dollar Shave Club US NonBrand TextLink
11170584	Pop/Lightbox	Advertise MB Dollar Shave Club US Womens
11171137	Pop/Lightbox	Advertise MB Ebates - Brand
11171138	Pop/Lightbox	Advertise MB Ebates - High Desktop
11171162	Pop/Lightbox	Advertise MB Ebates - Medium Desktop
11169624	Pop/Lightbox	Advertise MB Experian Branded
11170112	Pop/Lightbox	Advertise MB GruntStyle Brand TextLink
11170151	Pop/Lightbox	Advertise MB Kaiser NorCal  Brand  Desktop
11170152	Pop/Lightbox	Advertise MB Kaiser NorCal  NonBrand  Desktop
11170153	Pop/Lightbox	Advertise MB Kaiser SoCal  Brand  Desktop
11170154	Pop/Lightbox	Advertise MB Kaiser SoCal  NonBrand  Desktop
11170493	Pop/Lightbox	Advertise MB KPIF - CO
11170496	Pop/Lightbox	Advertise MB KPIF - Norcal
11170497	Pop/Lightbox	Advertise MB KPIF - Socal
11170086	Pop/Lightbox	Advertise MB MedHelp Medicare Generic
11169667	Pop/Lightbox	Advertise MB Overstock Homepage
11170628	Pop/Lightbox	Advertise MB Realtor Brand
11170629	Pop/Lightbox	Advertise MB Realtor Geo
11170796	Pop/Lightbox	Advertise MB Realtor Interstitial Brand
11170797	Pop/Lightbox	Advertise MB Realtor Interstitial Geo
11172179	Pop/Lightbox	Advertise MB Transunion Nonbrand Competitor Desktop
11170302	Pop/Lightbox	Advertise MB UnderArmour Brand
11170305	Pop/Lightbox	Advertise MB UnderArmour Brand Textlink
11170303	Pop/Lightbox	Advertise MB UnderArmour NonBrand
11170306	Pop/Lightbox	Advertise MB UnderArmour NonBrand Intext
11170590	Pop/Lightbox	Advertise MB Vivint Brand
11170591	Pop/Lightbox	Advertise MB Vivint Nonbrand
11172113	Pop/Lightbox	Advertise Nutranext SAN MB
11169648	Pop/Lightbox	Advertise TransUnion Brand
11171729	Pop/Lightbox	Advertise.com Extension Installs
11170843	Pop/Lightbox	Advertise.com Interstitials - 1800Contacts BRAND
11170794	Pop/Lightbox	Advertise.com Interstitials - eHarmony US Non Branded
11170948	Pop/Lightbox	Advertise.com MB - ApartmentList - T5
11172146	Pop/Lightbox	Advertise.com MB - Mercedes
11172206	Pop/Lightbox	Advertise.com MB - NADAGuides
11172014	Pop/Lightbox	Advertise.com MB - The Fruit Company
11172169	Pop/Lightbox	Advertise.com MB Convert PDF Pro
11172170	Pop/Lightbox	Advertise.com MB ConvertFileNow New Tab
11172171	Pop/Lightbox	Advertise.com MB TheSecuredWeb
11171999	Pop/Lightbox	Advertise.com Noom
11170901	Pop/Lightbox	Advertise.com Overstock Interstitial
11165576	Pop/Lightbox	advertise.com-pop over-1800contacts-kw-us-direct
11165881	Pop/Lightbox	Advertise.com-pop-over-centurylink-kw-direct-us
11165966	Pop/Lightbox	Advertise.com-pop-over-CL_Frontier-kw-direct-us
11167244	Pop/Lightbox	Advertise.com-pop-over-eHarmony Branded-kw-direct-us
11167243	Pop/Lightbox	Advertise.com-pop-over-eHarmony Nonbranded-kw-direct-us
11165605	Pop/Lightbox	Advertise.com-pop-over-NYT corvette collection-kw-direct-us
11165905	Pop/Lightbox	Advertise.com-pop-over-transunion-kw-direct-us
11169287	Pop/Lightbox	Advertisecom MB ATT UVerse NonBranded
11170859	Pop/Lightbox	Advertisecom MB BlackBook Lightbox
11170295	Pop/Lightbox	Advertisecom MB BlackBook NT
11170858	Pop/Lightbox	Advertisecom MB CarPriceSecrets Lightbox
11172053	Push	Advertisecom MB CarPriceSecrets Push
11171316	Pop/Lightbox	Advertisecom MB CenturyLink Brand
11169861	Pop/Lightbox	Advertisecom MB Chacos Brand
11170840	Pop/Lightbox	Advertisecom MB Crowdsteer InsureMyCar Lightbox
11170380	Push	Advertisecom MB eHarmony Push
11170806	Pop/Lightbox	Advertisecom MB FreeShipping Lightbox
11171317	Pop/Lightbox	Advertisecom MB Frontier NonBrand
11170872	Pop/Lightbox	Advertisecom MB GenealogyBank - InterYield Direct
11170871	Pop/Lightbox	Advertisecom MB GenealogyBank - Intext
11169658	Pop/Lightbox	Advertisecom MB GenealogyBank - NewTab
11170032	Pop/Lightbox	Advertisecom MB GruntStyle Brand
11170938	Pop/Lightbox	Advertisecom MB Hewlett Packard Gaming
11170905	Pop/Lightbox	Advertisecom MB Hotwire Lightbox
11165975	Pop/Lightbox	Advertisecom MB Hotwire Pop
11171320	Pop/Lightbox	Advertisecom MB HPE Brand
11170608	Pop/Lightbox	Advertisecom MB HR Block Generic/Competitor
11169663	Pop/Lightbox	Advertisecom MB HyperConverged
11170091	Pop/Lightbox	Advertisecom MB Intext CarPriceSecrets
11170093	Pop/Lightbox	Advertisecom MB Intext CS InsureMyCar
11170092	Pop/Lightbox	Advertisecom MB Intext FreeShipping
11171724	Pop/Lightbox	Advertisecom MB Intext Macys
11170223	Pop/Lightbox	Advertisecom MB Intext SVG Medicare
11171133	Pop/Lightbox	Advertisecom MB LegalZoom BillOfSale
11171132	Pop/Lightbox	Advertisecom MB LegalZoom INC
11169786	Pop/Lightbox	Advertisecom MB Lending Tree Reverse
11170842	Pop/Lightbox	Advertisecom MB LendingTree PL Consolidation
11170844	Pop/Lightbox	Advertisecom MB Macys Lightbox
11171725	Pop/Lightbox	Advertisecom MB Macys Swimsuit NT
11170631	Pop/Lightbox	Advertisecom MB Pop 3PAR
11169768	Pop/Lightbox	Advertisecom MB Pop CarPriceSecrets
11170401	Pop/Lightbox	Advertisecom MB Pop Country Inns
11169778	Pop/Lightbox	Advertisecom MB Pop Crowdsteer InsureMyCar
11170888	Pop/Lightbox	Advertisecom MB Pop E-File.com
11169259	Pop/Lightbox	Advertisecom MB Pop FreeShipping
11170939	Pop/Lightbox	Advertisecom MB Pop Hewlett Packard SMB
11169771	Pop/Lightbox	Advertisecom MB Pop LegalZoom
11169845	Pop/Lightbox	Advertisecom MB Pop Lending Tree Home Equity
11169849	Pop/Lightbox	Advertisecom MB Pop Lending Tree Purchase
11169758	Pop/Lightbox	Advertisecom MB Pop LendingTree Refi
11170158	Pop/Lightbox	Advertisecom MB Pop NewCarscom
11170492	Pop/Lightbox	Advertisecom MB Pop Nissan Brand
11170188	Pop/Lightbox	Advertisecom MB Pop SVG Medicare
11169710	Pop/Lightbox	Advertisecom MB Pop The Zebra
11170524	Pop/Lightbox	Advertisecom MB Pop Volvo Conquest
11170841	Pop/Lightbox	Advertisecom MB SVG Medicare Lightbox
11171318	Pop/Lightbox	Advertisecom MB Trivago
11170849	Lead Gen	AgreeMedia Fortis Cincinnati Nursing
11170845	Lead Gen	AgreeMedia Fortis Columbia Nursing
11170847	Lead Gen	AgreeMedia Fortis Culter Bay Nursing
11170970	Lead Gen	AgreeMedia Fortis Dental - Atlanta
11170973	Lead Gen	AgreeMedia Fortis Dental - Birmingham
11170976	Lead Gen	AgreeMedia Fortis Dental - Centerville
11170978	Lead Gen	AgreeMedia Fortis Dental - Cincinnati
11170979	Lead Gen	AgreeMedia Fortis Dental - Columbia
11170981	Lead Gen	AgreeMedia Fortis Dental - Houston North
11170846	Lead Gen	AgreeMedia Fortis Pensacola Nursing
11170848	Lead Gen	AgreeMedia Fortis Scranton Nursing
11171274	Lead Gen	AgreeMedia JWU Graduate
11171743	Lead Gen	AgreeMedia Keiser eCampus
11171495	Lead Gen	AgreeMedia Keiser Ground
11171917	Lead Gen	AgreeMedia Post University Military
11167599	Mobile Browser	Airfind Mobile
11169276	Mobile Browser	Airfind Mobile Overstock
11170225	Mobile Browser	Airfind Mobile Twitter
11171816	Pop/Lightbox	Amerisleep Advertise com MB
11167878	Other	amongtech-search-organic
11172067	Push	AmplyMedia Push CarPriceSecrets
11172083	Push	AmplyMedia Push Geico
11170945	Push	AmplyMedia Push Hotwire
11170942	Push	AmplyMedia Push HR Block
11172065	Push	AmplyMedia Push JCPenney
11172066	Push	AmplyMedia Push Lending Tree Personal Loans
11170240	Push	AmplyMedia Push LendingTree
11172064	Push	AmplyMedia Push Macys
11169958	Push	AmplyMedia Push Medicare
11172084	Push	AmplyMedia Push Pogressive
11171701	Lead Gen	Archer EDU Fortis All-State Baltimore Dental Assistant
11171702	Lead Gen	Archer EDU Fortis All-State Baltimore HVAC
11171703	Lead Gen	Archer EDU Fortis All-State Baltimore Medical Assistant
11171704	Lead Gen	Archer EDU Fortis All-State Baltimore Pharmacy Technician
11171696	Lead Gen	Archer EDU Fortis All-State Essington Dental Assistant
11171697	Lead Gen	Archer EDU Fortis All-State Essington HVAC
11171698	Lead Gen	Archer EDU Fortis All-State Essington Medical Assistant
11171699	Lead Gen	Archer EDU Fortis All-State Essington Medical Billing and Coding
11167879	Arbitrage	aspiringgentleman-search-organic
11169336	Social	Avenue I Facebook
11169333	Search	Avenue I Search
11170664	Domain	BareFruit Domain NXD
11169704	Display	Beeswax FreeShipping
11169703	Display	Beeswax Hotwire
11169707	Display	Beeswax Overstock Area Rugs
11169706	Display	Beeswax Overstock Furniture
11169705	Display	Beeswax Overstock Homepage
11170637	Search	Bidwise Chewy Product
11170523	Search	BidWise Gruntstyle Product
11170341	Search	Bidwise Macys Product
11169319	Search	BidWise Search
11170522	Search	BidWise Sperry Product
11170509	Search	Bidwise Webstaurant Product
11170850	Arbitrage	BlackSwan Macys Product 
11169339	Domain	Bodis Adult
11168258	Domain	Bodis Domain
11170544	Deal Site	BradsDeals JCPenney Product
11170532	Deal Site	BradsDeals JCPenney Stores
11170545	Deal Site	BradsDeals Macys Product
11171615	Deal Site	BradsDeals Nissan Product
11170589	Deal Site	BradsDeals TurboTax Product
11170583	Deal Site	BradsDeals UnderArmour Product
11170533	Deal Site	BradsDeals UnderArmour Stores
11170337	Deal Site	BradsDeals VS
11172069	Mobile Browser	Brave.com CarPriceSecrets
11172076	Mobile Browser	Brave.com ebates
11172098	Mobile Browser	Brave.com Essilor
11172074	Mobile Browser	Brave.com Geico
11172079	Mobile Browser	Brave.com Groupon
11172077	Mobile Browser	Brave.com JCPenney
11172078	Mobile Browser	Brave.com Macys
11172075	Mobile Browser	Brave.com Progressive
11169763	Social	Brightcast Facebook InsureMyCarNow
11168162	Lead Gen	bulldog-creditsoup-transunion-ws-direct
11172090	Mobile Browser	Cake JCPenney Tile
11172091	Mobile Browser	Cake Macys Tile
11172100	Mobile Browser	Cake Walmart 1 Product
11172105	Mobile Browser	Cake WAP
11170898	Mobile Browser	CakeBrowser Search Android RON
11171903	Mobile Browser	CakeBrowser Search Android Target
11170897	Mobile Browser	CakeBrowser Search Android Targeted
11170802	Mobile Browser	CakeBrowser Search iOS RON
11171904	Mobile Browser	CakeBrowser Search iOS Target
11170399	Mobile Browser	CakeBrowser Search iOS Targeted
11167883	Other	careerpro-search-organic
11170221	Mobile Browser	Celltick Apple Music CPA
11170358	Mobile Browser	Celltick Brazil Amazon
11170204	Mobile Browser	Celltick Carscom Mobile TurboCars
11170469	Mobile Browser	Celltick FB
11172018	Lead Gen	Chartwell Media Geico
11172017	Lead Gen	Chartwell Media Progressive
11172020	Lead Gen	Chartwell Media Prudential
11172019	Lead Gen	Chartwell Media United Medicare Advisors
11167590	Other	Cheapestdestinationsblog
11170353	Extension	Ciuvo Lending Tree Home Equity
11170245	Extension	Ciuvo Lending Tree Purchase
11170350	Extension	Ciuvo Lending Tree Refinance
11170355	Extension	Ciuvo Lending Tree Reverse
11170246	Extension	Ciuvo Trivago
11170296	Push	ClickPush eHarmony
11170297	Push	ClickPush Experian
11170378	Push	ClickPush FreeShipping
11170298	Push	ClickPush Overstock
11170592	Push	ClickPush TurboTax
11170768	Lead Gen	Clicks.net Bad Credit Loans MB
11170770	Lead Gen	Clicks.net Cash Advance MB
11170771	Lead Gen	Clicks.net CashUSA MB
11170045	Lead Gen	Clicks.net MB GCU General Masters Degrees Online
11170043	Lead Gen	Clicks.net MB GCU UG Justice Studies Online
11170044	Lead Gen	Clicks.net MB GCU UG Psychology Online
11171749	Lead Gen	Clicks.net MB Keiser Ground Clearwater
11171757	Lead Gen	Clicks.net MB Keiser Ground Lakeland
11171755	Lead Gen	Clicks.net MB Keiser Ground Melbourne
11171759	Lead Gen	Clicks.net MB Keiser Ground Naples
11171753	Lead Gen	Clicks.net MB Keiser Ground New Port Richey
11171751	Lead Gen	Clicks.net MB Keiser Ground Pembroke Pines
11171752	Lead Gen	Clicks.net MB Keiser Ground Port St. Lucie
11171756	Lead Gen	Clicks.net MB Keiser Ground Sarasota
11171758	Lead Gen	Clicks.net MB Keiser Ground Tallahassee
11171814	Lead Gen	Clicks.net MB Post University Military
11171773	Lead Gen	Clicks.net MB University of Cumberlands
11170772	Lead Gen	Clicks.net Personal Loans MB
11168091	Lead Gen	Clicks.net-pop-over-Fortis Centerville Nursing-kw-us-direct
11168092	Lead Gen	Clicks.net-pop-over-Fortis Cincinnati Nursing-kw-us-direct
11168104	Pop/Lightbox	Clicks.net-pop-over-Fortis Columbia Nursing-kw-us-direct
11168093	Lead Gen	Clicks.net-pop-over-Fortis Columbus Nursing-kw-us-direct
11168099	Lead Gen	Clicks.net-pop-over-Fortis Cutler Bay Nursing-kw-us-direct
11168094	Lead Gen	Clicks.net-pop-over-Fortis Cuyahoga Falls Nursing-kw-us-direct
11168096	Lead Gen	Clicks.net-pop-over-Fortis Orange Park Nursing-kw-us-direct
11168097	Lead Gen	Clicks.net-pop-over-Fortis Pensacola Nursing-kw-us-direct
11168101	Lead Gen	Clicks.net-pop-over-Fortis Richmond Nursing-kw-us-direct
11168102	Lead Gen	Clicks.net-pop-over-Fortis Salt Lake City Nursing-kw-us-direct
11168103	Lead Gen	Clicks.net-pop-over-Fortis Scranton Nursing-kw-us-direct
11168357	Lead Gen	Clicks.net-search-Classes and Careers-us-direct
11169893	Arbitrage	Clicksco Search
11169524	Lead Gen	Clicksnet Fortis Dental Assistant Atlanta
11169525	Lead Gen	Clicksnet Fortis Dental Assistant Centerville
11169526	Lead Gen	Clicksnet Fortis Dental Assistant Columbia
11169527	Lead Gen	Clicksnet Fortis Dental Assistant Erie
11169528	Lead Gen	Clicksnet Fortis Dental Assistant Indianapolis
11169529	Lead Gen	Clicksnet Fortis Dental Assistant Landover
11169540	Lead Gen	Clicksnet Fortis Dental Assistant Lawrenceville
11169530	Lead Gen	Clicksnet Fortis Dental Assistant Mobile
11169541	Lead Gen	Clicksnet Fortis Dental Assistant Orange Park
11169542	Lead Gen	Clicksnet Fortis Dental Assistant Pensacola
11169534	Lead Gen	Clicksnet Fortis Dental Assistant Richmond
11169535	Lead Gen	Clicksnet Fortis Dental Assistant Salt Lake City
11169536	Lead Gen	Clicksnet Fortis Dental Assistant Scranton
11169537	Lead Gen	Clicksnet Fortis Dental Assistant Towson
11169493	Lead Gen	Clicksnet Fortis Medical Assistant Atlanta
11169514	Lead Gen	Clicksnet Fortis Medical Assistant Centerville
11169496	Lead Gen	Clicksnet Fortis Medical Assistant Cincinnati
11169515	Lead Gen	Clicksnet Fortis Medical Assistant Cookeville
11169516	Lead Gen	Clicksnet Fortis Medical Assistant Cutler Bay
11169517	Lead Gen	Clicksnet Fortis Medical Assistant Cuyahoga Falls
11169518	Lead Gen	Clicksnet Fortis Medical Assistant Dothan
11169519	Lead Gen	Clicksnet Fortis Medical Assistant Foley
11169499	Lead Gen	Clicksnet Fortis Medical Assistant Houston South
11169501	Lead Gen	Clicksnet Fortis Medical Assistant Landover
11169521	Lead Gen	Clicksnet Fortis Medical Assistant Lawrenceville
11169522	Lead Gen	Clicksnet Fortis Medical Assistant Mobile
11169503	Lead Gen	Clicksnet Fortis Medical Assistant Nashville
11169506	Lead Gen	Clicksnet Fortis Medical Assistant Richmond
11169523	Lead Gen	Clicksnet Fortis Medical Assistant Wayne
11169571	Lead Gen	Clicksnet Keypath Education
11170361	Lead Gen	Clicksnet MB ACU Graduate
11170082	Lead Gen	Clicksnet MB AllState Baltimore Dental Assistant
11170084	Lead Gen	Clicksnet MB AllState Baltimore Medical Assistant
11170083	Lead Gen	Clicksnet MB AllState Baltimore Pharmacy Technician
11169698	Lead Gen	Clicksnet MB Everglades University
11170412	Lead Gen	Clicksnet MB Fortis Cincinnati Dental Assisting
11171174	Lead Gen	Clicksnet MB Fortis Dental Assistant - Birmingham
11171197	Lead Gen	Clicksnet MB Fortis Dental Assistant - Cuyahoga Falls
11171209	Lead Gen	Clicksnet MB Fortis Dental Assistant - Houston North
11171228	Lead Gen	Clicksnet MB Fortis Dental Assistant - Montgomery
11171249	Lead Gen	Clicksnet MB Fortis Dental Assistant - Port St Lucie
11171268	Lead Gen	Clicksnet MB Fortis Dental Assistant - Wayne
11171183	Lead Gen	Clicksnet MB Fortis Medical Assistant - Columbia
11171187	Lead Gen	Clicksnet MB Fortis Medical Assistant - Columbus
11171208	Lead Gen	Clicksnet MB Fortis Medical Assistant - Forty Fort
11171263	Lead Gen	Clicksnet MB Fortis Medical Assistant - Scranton
11171168	Lead Gen	Clicksnet MB Fortis Medical Asst - Baton Rouge
11171177	Lead Gen	Clicksnet MB Fortis Medical Asst - Birmingham
11171211	Lead Gen	Clicksnet MB Fortis Medical Asst - Houston North
11171229	Lead Gen	Clicksnet MB Fortis Medical Asst - Montgomery
11171239	Lead Gen	Clicksnet MB Fortis Medical Asst - Orange Park
11171246	Lead Gen	Clicksnet MB Fortis Medical Asst - Pensacola
11171252	Lead Gen	Clicksnet MB Fortis Medical Asst - Port St Lucie
11171267	Lead Gen	Clicksnet MB Fortis Medical Asst - Towson
11171221	Lead Gen	Clicksnet MB Fortis Nursing - Indianapolis
11171233	Lead Gen	Clicksnet MB Fortis Nursing - Nashville
11171237	Lead Gen	Clicksnet MB Fortis Nursing - Norfolk
11171254	Lead Gen	Clicksnet MB Fortis Nursing - Port St Lucie
11170176	Lead Gen	Clicksnet MB GCU Grad Healthcare
11170388	Lead Gen	Clicksnet MB GCU UG Healthcare
11169957	Lead Gen	Clicksnet MB JANDW Grad
11169649	Lead Gen	Clicksnet MB Johnson Wales
11170554	Lead Gen	Clicksnet MB Keiser National eCampus
11169801	Lead Gen	Clicksnet MB Lending Tree Home Equity
11169785	Lead Gen	Clicksnet MB Lending Tree Purchase
11169713	Lead Gen	Clicksnet MB Lending Tree Refi
11169802	Lead Gen	Clicksnet MB Lending Tree Reverse Mortgage
11170807	Lead Gen	Clicksnet MB LendingTree Personal Loan
11170853	Lead Gen	Clicksnet MB LendingTree Purchase SF
11170851	Lead Gen	Clicksnet MB LendingTree Refi SF
11170398	Lead Gen	Clicksnet MB Monevo
11169839	Lead Gen	Clicksnet MB NAF Purchase
11170227	Lead Gen	Clicksnet MB Post University Grad
11170226	Lead Gen	Clicksnet MB Post University Undergrad
11169773	Lead Gen	Clicksnet MB Regent
11169036	Lead Gen	Clicksnet Medical Billing Coding
11169193	Pop/Lightbox	ClicksNGo POP
11172180	Push	Clickso Progressive Push
11170514	Domain	ComDotCom
11172055	Contextual	Connexity Influencer JCPenney Product
11171888	Contextual	Connexity Influencer Overstock Product
11171852	Contextual	Connexity Macys Product
11172056	Contextual	Connexity Network JCPenney Product
11171853	Contextual	Connexity Network Overstock Product
11172086	Contextual	Connexity Network Pandora Product
11172094	Contextual	Connexity Network Sears Product
11172085	Contextual	Connexity SYL Pandora Product
11172095	Contextual	Connexity SYL Sears Product
11170748	Lead Gen	Core Digital Dental Atlanta
11170749	Lead Gen	Core Digital Dental Baltimore
11170750	Lead Gen	Core Digital Dental Houston North
11170751	Lead Gen	Core Digital Dental Pensacola
11170752	Lead Gen	Core Digital HVAC Atlanta
11170753	Lead Gen	Core Digital HVAC Houston North
11170754	Lead Gen	Core Digital HVAC Pensacola
11170711	Lead Gen	Core Digital Keypath Keiser
11170755	Lead Gen	Core Digital Med Asst Atlanta
11170756	Lead Gen	Core Digital Med Asst Baltimore
11170757	Lead Gen	Core Digital Med Asst Cutler Bay
11170758	Lead Gen	Core Digital Med Asst Houston North
11170759	Lead Gen	Core Digital Med Asst Pensacola
11170761	Lead Gen	Core Digital Med Billing Houston North
11170732	Lead Gen	Core Digital Nursing Cutler Bay
11170733	Lead Gen	Core Digital Nursing Pensacola
11170760	Lead Gen	Core Digital Pharmacy Technician Baltimore
11170882	Lead Gen	Core Digital Post University - Graduate
11170839	Lead Gen	Core Digital Post University - Undergraduate
111	Internal	cpv test account sid 111
11171804	Extension	Data Tank Apartment List
11171778	Extension	Data Tank CarpriceSecrets
11171791	Extension	Data Tank Chewy
11171787	Extension	Data Tank Choice Hotels
11171801	Extension	Data Tank Dollar Shave
11171788	Extension	Data Tank Ebates
11171800	Extension	Data Tank Eharmony
11171790	Extension	Data Tank Experian
11171805	Extension	Data Tank Geneology Bank
11171776	Extension	Data Tank Hotwire
11171781	Extension	Data Tank HP
11171797	Extension	Data Tank JCPenney
11171802	Extension	Data Tank Lamps Plus
11171974	Extension	Data Tank Lending Tree SF
11171782	Extension	Data Tank LendingTree Debt Relief
11171987	Extension	Data Tank LendingTree Personal Loans
11171775	Extension	Data Tank LendingTree Refi
11171774	Extension	Data Tank Macys
11171793	Extension	Data Tank Merrell
11171798	Extension	Data Tank Overstock
11172073	Extension	Data Tank Pandora
11171795	Extension	Data Tank Progressive
11171784	Extension	Data Tank Samsung Home Appliances
11171796	Extension	Data Tank Sears
11171794	Extension	Data Tank Sperry
11172071	Extension	Data Tank TAG Heuer
11171786	Extension	Data Tank Toyota
11171799	Extension	Data Tank TransUnion
11171777	Extension	Data Tank Trivago
11171792	Extension	Data Tank Volvo
11171783	Extension	Data Tank Webstaurant Store
11171920	Deal Site	Dealmoon Best Western Product
11171705	Deal Site	Dealmoon CarPriceSecrets Product
11171824	Deal Site	Dealmoon Choice Hotels Product
11171706	Deal Site	Dealmoon Geico Product
11170665	Deal Site	Dealmoon H&R Block Product
11172162	Deal Site	Dealmoon Hulu
11170426	Deal Site	Dealmoon JCPenney Product
11171818	Deal Site	Dealmoon JCPenney Product 2
11170349	Deal Site	Dealmoon Keurig
11171331	Deal Site	Dealmoon LegalZoom Bill of Sale
11171335	Deal Site	Dealmoon LegalZoom Brand
11172161	Deal Site	Dealmoon Mercedes Benz Product
11172165	Deal Site	Dealmoon Mercedes Benz Product 2
11171130	Deal Site	Dealmoon Overstock Product
11170402	Deal Site	Dealmoon PizzaHut
11171707	Deal Site	Dealmoon Progressive
11171708	Deal Site	Dealmoon Samsung Product
11171991	Deal Site	Dealmoon Talbots Product
11171992	Deal Site	Dealmoon Tea Collection Product
11170688	Deal Site	Dealmoon Toyota
11171993	Deal Site	Dealmoon Trivago
11170548	Deal Site	Dealmoon TurboTax Product
11170421	Deal Site	Dealmoon UVerse
11170397	Deal Site	Dealmoon Victorias Secret Product
11170363	Deal Site	Dealmoon VS
11171639	Deal Site	DealNews
11171640	Deal Site	DealNews
11171649	Deal Site	DealNews
11171651	Deal Site	DealNews
11171681	Deal Site	DealNews
11171600	Deal Site	DealNews 1-800 Contacts Product
11171921	Deal Site	Dealnews Best Western Product
11171598	Deal Site	DealNews Chewy Product
11171731	Deal Site	Dealnews Choice Hotels Product
11171602	Deal Site	DealNews Dollar Shave Club Product
11171638	Deal Site	Dealnews Geico Product
11171595	Deal Site	DealNews HP Product
11172117	Deal Site	DealNews HR Block
11171328	Deal Site	DealNews JCPenney Product
11171596	Deal Site	DealNews Kmart Product
11171710	Deal Site	DealNews LampsPlus Product
11171304	Deal Site	DealNews Macys Product
11171947	Deal Site	DealNews Merrell Product
11171597	Deal Site	DealNews Overstock Product
11171713	Deal Site	DealNews Progressive
11171721	Deal Site	DealNews Sears Product
11171599	Deal Site	DealNews Sperry Product
11171878	Deal Site	DealNews Zenni Optical Product
11171282	Deal Site	dealnewstest
11170452	Deal Site	Dealspotr Deals JCPenney Product
11170927	Deal Site	Dealspotr Deals Pandora
11170553	Deal Site	Dealspotr Deals TurboTax
11170453	Deal Site	Dealspotr Deals Victorias Secret Product
11170454	Deal Site	Dealspotr Deals Webstaurant Product
11171959	Deal Site	Dealspotr eHarmony
11171142	Deal Site	Dealspotr Forever21 Product
11171156	Deal Site	Dealspotr Geico
11171691	Deal Site	Dealspotr Geico Product
11172157	Deal Site	Dealspotr H&R Block Product
11171960	Deal Site	Dealspotr Hotwire
11172160	Deal Site	Dealspotr Hulu
11172159	Deal Site	Dealspotr Keen Footware Product
11171587	Deal Site	Dealspotr Kmart Product
11172158	Deal Site	Dealspotr Merdeces Benz Product
11171618	Deal Site	Dealspotr Nissan
11171957	Deal Site	Dealspotr Overstock Product
11172072	Deal Site	Dealspotr Pandora Product
11171709	Deal Site	Dealspotr Samsung Product
11172068	Deal Site	Dealspotr Tag Heuer Product
11170331	Deal Site	Dealspotrcom Deals Macys Product
11169905	Deal Site	Dealspotrcom Deals Pizza Hut
11171298	Deal Site	Dealspotrcom Deals Sears Product
11168354	Search	Dex Media- search-Flower Delivery Express-direct-us
11167921	Search	Dex Media- search-Schwans Branded-direct-us
11168509	Search	DexMedia-search-Home Security-direct-us
11168510	Search	DexMedia-search-HVAC-direct-us
11167708	Search	DexMedia-search-WindowCosts-direct-us
11170813	Contextual	Dianomi Experian
11170878	Contextual	Dianomi HR Block
11170814	Contextual	Dianomi LegalZoom
11170810	Contextual	Dianomi LendingTree Home Equity
11170808	Contextual	Dianomi LendingTree Refi
11170809	Contextual	Dianomi LendingTree Reverse
11170881	Contextual	Dianomi Samsung Beyond
11171390	Contextual	Dianomi Samsung Beyond XG5
11170952	Contextual	Dianomi TransUnion
11170812	Contextual	Dianomi TurboTax
11171154	Contextual	Digital Properties Geico
11170448	Contextual	DigitalProperties
11170481	Contextual	DigitalTrends PizzaHut
11170558	Contextual	DigitalTrends Volvo
11167203	Other	DiscoverWeb
11165151	Domain	DMPRO Domain
11168739	Domain	DMPRO Domain ComDotCom
11165399	Domain	DomainPower Domain
11165236	Domain	DomainPower Tax
11169027	Contextual	DoughRoller LuxuryCard
11169085	Contextual	DoughRoller MB Experian
11168470	Search	Doughroller.net- search- Citibank College Card-direct-us
11168078	Search	Doughroller.net- search- Rushcard-direct-us
11171003	Lead Gen	EducationDynamics MB Fortis Massage Therapy - Richmond
11171004	Lead Gen	EducationDynamics MB Fortis Medical Assistant - Richmond
11162851	Pop/Lightbox	F10_Local
11167976	Pop/Lightbox	f10-pop-over-AIS insurance-us-indirect MB
11167297	Pop/Lightbox	f10-pop-over-ATT Uverse-us-indirect
11167620	Pop/Lightbox	f10-pop-over-GlassesUsa.com-us-indirect
11170865	Social	Facebook 1800Contacts
11170921	Social	Facebook ApartmentList
11170387	Social	Facebook ATT U-Verse
11170922	Social	Facebook Burpee
11170868	Social	Facebook Carbon38
11171315	Social	Facebook Carbon38 Product
11171594	Social	Facebook Genealogy Bank
11171627	Social	Facebook InsureMyCarNow 
11170396	Social	Facebook LegalZoom
11171621	Social	Facebook Life Line Screening 
11171592	Social	Facebook LucidChart
11170394	Social	Facebook Macys
11170924	Social	Facebook Nissan
11171603	Social	Facebook Parachute Home Product
11172106	Social	Facebook Progressive
11170866	Social	Facebook Trivago
11171591	Social	Facebook Trivago
11171739	Social	Facebook Trivago NDS
11170867	Social	Facebook WebstaurantStore
11171631	Contextual	Finder
11171659	Contextual	Finder
11171159	Contextual	Finder Geico
11171819	Contextual	Finder.com Amerisleep Product
11171680	Contextual	Finder.com Choice Hotels Product
11172183	Contextual	Finder.com eHarmony Product
11172133	Contextual	Finder.com Essilor Product
11171276	Contextual	Finder.com Experian
11171692	Contextual	Finder.com Geico Product
11170569	Contextual	Finder.com H&R Block
11172123	Contextual	Finder.com H&R Block Product
11172189	Contextual	Finder.com Harrys
11172141	Contextual	Finder.com Hulu
11170647	Contextual	Finder.com JCPenney Product
11170560	Contextual	Finder.com LegalZoom
11170632	Contextual	Finder.com Macys Product
11170861	Contextual	Finder.com Merrell Product
11170863	Contextual	Finder.com MuteSix Carbon38 Product
11170862	Contextual	Finder.com Mutesix GruntStyle Product
11170645	Contextual	Finder.com Overstock Product
11171402	Contextual	Finder.com Progressive
11171933	Contextual	Finder.com Prudential
11171279	Contextual	Finder.com Sears Product
11170860	Contextual	Finder.com Sperry Product
11172059	Contextual	Finder.com Tag Heuer Product
11172181	Contextual	Finder.com Talbots Product
11171929	Contextual	Finder.com Teleflora Product
11172184	Contextual	Finder.com The Fruit Company Product
11172185	Contextual	Finder.com The Zebra Product
11170559	Contextual	Finder.com TurboTax
11170633	Contextual	Finder.com Under Armour Product
11172132	Contextual	Finder.com Zenni Optical Product
11171862	Contextual	First Media Macys Product
11169420	Search	Firstand10 SVG
11168355	Search	Firstand10-search-Benepath-direct-us
11172220	Push	Flat Iron Apartment List
11172116	Push	Flat Iron HR Block
11172203	Push	Flat Iron Media AT&T Uverse
11172201	Push	Flat Iron Media Dollar Shave Club
11172202	Push	Flat Iron Media e-File
11172082	Push	Flat Iron Media Essilor
11172111	Push	Flat Iron Media Morning Brew
11172093	Push	Flat Iron Media Pandora
11172191	Push	Flat Iron Media Restasis
11172120	Push	Flat Iron Mercedes Benz
11172128	Push	Flat Iron National Geographic
11172097	Push	Flat Iron Zenni Optical
11172032	Push	FlatIron buythegoods.com
11172062	Push	Flatiron JCPenney
11171967	Push	FlatIron Media Best Western
11171966	Push	FlatIron Media Choice Hotels
11171969	Push	FlatIron Media eHarmony
11171968	Push	FlatIron Media Experian
11171995	Push	FlatIron Media Freeshipping
11171962	Push	FlatIron Media Geico
11171965	Push	FlatIron Media Groupon
11171972	Push	FlatIron Media Lending Tree Refi Express
11171985	Push	FlatIron Media Lendingtree Personal Loans
11172051	Push	FlatIron Media Noom
11171956	Push	FlatIron Media Progressive
11171970	Push	FlatIron Media Quinstreet (savingsaccount.com)
11171989	Push	FlatIron Media Talbots
11171961	Push	FlatIron Media Tea Collection
11171880	Push	FlatIronMedia CarPriceSecrets
11171951	Push	FlatIronMedia Ebates
11171896	Push	FlatIronMedia Macys Coop Armani
11171895	Push	FlatIronMedia Macys Coop G-Star
11171897	Push	FlatIronMedia Macys Coop Nautica
11171898	Push	FlatIronMedia Macys Coop Sean John
11171894	Push	FlatIronMedia Macys Homepage
11171879	Push	FlatIronMedia Overstock
11171932	Push	FlatIronMedia Teleflora
11169599	Push	Fluent Mobile Push
11163400	Other	fourohfour
11165268	Pop/Lightbox	futureads-1800contacts-search
11168487	Pop/Lightbox	futureads-contextual-intext-Fortis Dental-direct
11168413	Pop/Lightbox	futureads-intext-Sharecare-us-direct
11166216	Pop/Lightbox	futureads-pop-over-AQ_ConsumerInjury2-us-direct
11166798	Pop/Lightbox	futureads-pop-over-AUG_Argosy.com-us-direct
11165988	Pop/Lightbox	futureads-pop-over-boost mobile-us-direct
11165864	Pop/Lightbox	futureads-pop-over-draftkings home-us-direct
11167556	Pop/Lightbox	futureads-pop-over-Glassesusa.com -us-direct
11166011	Pop/Lightbox	futureads-pop-over-Hulu_General-us-direct
11166202	Pop/Lightbox	futureads-pop-over-Sprint Prepaid-us-direct
11170644	Lead Gen	GetEducated JWU Graduate
11171483	Deal Site	Goodshop Trivago
11171482	Deal Site	Goodshop WebstaurantStore
11168166	Other	GreenBracket-dietspotlight-BB Beach Body On Demand-ws-direct
11171868	Other	Groovy Script Block Search
11169797	Search	HelloBusiness Local Search
11170767	Extension	iChrome Hotwire
11170765	Extension	iChrome Pizza Hut
11170766	Extension	iChrome Turbo Tax
11170287	Intext	InfoLinks
11170470	Intext	InfoLinks FB
11170479	Intext	InfoLinks FB Canada
11170478	Display	InfoLinks FB Display US
11170480	Intext	InfoLinks FB Intl
11163888	Intext	InfoLinks Intext
11163889	Search	InfoLinks Search
11170715	Intext	InfoLinks Tax
11170457	Lead Gen	InsideVentures KPIF CO
11170458	Lead Gen	InsideVentures KPIF GA
11171979	Lead Gen	InsideVentures KPIF NCAL
11171978	Lead Gen	InsideVentures KPIF SCAL
11171400	Lead Gen	InsideVentures Progressive
11170012	Lead Gen	InsuranceClicks MB The Zebra
11170310	Lead Gen	InsuranceClicks MB United Medicare
11171943	Lead Gen	InsuranceClicks Prudential
11171876	Lead Gen	InsuranceClicks United Healthcare
11162867	Other	InsureFacts
11171488	Contextual	InternetThings Chewy
11171486	Contextual	InternetThings Experian
11171489	Contextual	InternetThings LegalZoom
11171487	Contextual	InternetThings Transunion
11170894	Extension	IronSource JS
11170731	Extension	IronSource Omnibox
11170406	In-App	JumpRamp In App Chewy
11170405	In-App	JumpRamp In App DollarShave
11170408	In-App	JumpRamp In App Pandora Jewelry
11170403	In-App	JumpRamp In App Under Armour
11170407	In-App	JumpRamp In App Victorias Secret
11172089	Contextual	Kelkoo JCPenney Product
11171870	Contextual	Kelkoo Macys Product
11171887	Contextual	Kelkoo Sears Product
11171886	Contextual	Kelkoo Webstaurant Product
11172024	Contextual	Kelkoo Zenni Optical Product
11169223	Contextual	Kiosked Contextual
11171312	Internal	kw_suggestion_test
11170671	Extension	Linkury SafeFinder
11163154	Internal	LocalZipper
11167881	Other	locationlessliving-search-organic
11170950	Pop/Lightbox	MB   Advertise.com MB - ApartmentList - T0
11170953	Pop/Lightbox	MB   Advertise.com MB - ApartmentList - T1
11170951	Pop/Lightbox	MB   Advertise.com MB - ApartmentList - T2
11171613	Pop/Lightbox	MB   Advertise.com MB - HPSO Brand
11171614	Pop/Lightbox	MB   Advertise.com MB - HPSO NonBrand
11171388	Pop/Lightbox	MB   Advertise.com MB - Life Line Screening
11169800	Mobile Browser	mCent Quicklinks
11168614	Lead Gen	Media Alpha-Fortis Centerville Nursing
11168615	Lead Gen	Media Alpha-Fortis Cincinnati Nursing
11168627	Lead Gen	Media Alpha-Fortis Columbia Nursing
11168616	Lead Gen	Media Alpha-Fortis Columbus Nursing
11168622	Lead Gen	Media Alpha-Fortis Cutler Bay Nursing
11168628	Lead Gen	Media Alpha-Fortis Indianapolis Nursing
11168632	Lead Gen	Media Alpha-Fortis Nashville Nursing
11168633	Lead Gen	Media Alpha-Fortis Norfolk Nursing
11168619	Lead Gen	Media Alpha-Fortis Orange Park Nursing
11168621	Lead Gen	Media Alpha-Fortis Port St. Lucie Nursing
11168624	Lead Gen	Media Alpha-Fortis Richmond Nursing
11168625	Lead Gen	Media Alpha-Fortis Salt Lake City Nursing
11168626	Lead Gen	Media Alpha-Fortis Scranton Nursing
11171922	Lead Gen	MediaAlpha Best Western Desktop Product
11171924	Lead Gen	MediaAlpha Best Western Mobile Product
11171747	Lead Gen	MediaAlpha ChoiceHotels Product Desktop
11171772	Lead Gen	MediaAlpha ChoiceHotels Product Mobile
11168709	Lead Gen	MediaAlpha Fortis HVAC Atlanta
11168710	Lead Gen	MediaAlpha Fortis HVAC Baton Rouge
11168714	Lead Gen	MediaAlpha Fortis HVAC Columbia
11168715	Lead Gen	MediaAlpha Fortis HVAC Columbus
11168716	Lead Gen	MediaAlpha Fortis HVAC Cookville
11168717	Lead Gen	MediaAlpha Fortis HVAC Cuyahoga Falls
11168718	Lead Gen	MediaAlpha Fortis HVAC Dothan
11168720	Lead Gen	MediaAlpha Fortis HVAC Foley
11168722	Lead Gen	MediaAlpha Fortis HVAC Houston North
11168724	Lead Gen	MediaAlpha Fortis HVAC Indianapolis
11168725	Lead Gen	MediaAlpha Fortis HVAC Mobile
11168727	Lead Gen	MediaAlpha Fortis HVAC Nashville
11168728	Lead Gen	MediaAlpha Fortis HVAC Norfolk
11168729	Lead Gen	MediaAlpha Fortis HVAC Pensacola
11168730	Lead Gen	MediaAlpha Fortis HVAC Port St Lucie
11168732	Lead Gen	MediaAlpha Fortis HVAC Richmond
11168734	Lead Gen	MediaAlpha Fortis HVAC Salt Lake City
11168735	Lead Gen	MediaAlpha Fortis HVAC Wayne
11171843	Lead Gen	MediaAlpha Marriott
11170955	Lead Gen	MediaAlpha MB - Fortis Medical Billing - Wayne
11170996	Lead Gen	MediaAlpha MB All-State CDL - Pittsburgh
11171023	Lead Gen	MediaAlpha MB All-State Dental Assistant - Baltimore
11171024	Lead Gen	MediaAlpha MB All-State Medical Assistant - Baltimore
11171096	Lead Gen	MediaAlpha MB Fortis Cardiovascular Technology - Nashville
11171048	Lead Gen	MediaAlpha MB Fortis CDL - Cookeville
11171064	Lead Gen	MediaAlpha MB Fortis CDL - Forty Fort
11170969	Lead Gen	MediaAlpha MB Fortis Cosmetology - Pensacola
11170960	Lead Gen	MediaAlpha MB Fortis Dental Assistant - Atlanta
11171032	Lead Gen	MediaAlpha MB Fortis Dental Assistant - Birmingham
11171037	Lead Gen	MediaAlpha MB Fortis Dental Assistant - Centerville
11170965	Lead Gen	MediaAlpha MB Fortis Dental Assistant - Cincinnati
11171040	Lead Gen	MediaAlpha MB Fortis Dental Assistant - Columbia
11171055	Lead Gen	MediaAlpha MB Fortis Dental Assistant - Cuyahoga Falls
11171070	Lead Gen	MediaAlpha MB Fortis Dental Assistant - Houston North
11171081	Lead Gen	MediaAlpha MB Fortis Dental Assistant - Landover
11171085	Lead Gen	MediaAlpha MB Fortis Dental Assistant - Lawrenceville
11171090	Lead Gen	MediaAlpha MB Fortis Dental Assistant - Mobile
11171094	Lead Gen	MediaAlpha MB Fortis Dental Assistant - Montgomery
11171101	Lead Gen	MediaAlpha MB Fortis Dental Assistant - Orange Park
11170971	Lead Gen	MediaAlpha MB Fortis Dental Assistant - Pensacola
11170997	Lead Gen	MediaAlpha MB Fortis Dental Assistant - Port St Lucie
11171002	Lead Gen	MediaAlpha MB Fortis Dental Assistant - Richmond
11171008	Lead Gen	MediaAlpha MB Fortis Dental Assistant - Salt Lake City
11171010	Lead Gen	MediaAlpha MB Fortis Dental Assistant - Scranton
11171015	Lead Gen	MediaAlpha MB Fortis Dental Assistant - Towson
11171018	Lead Gen	MediaAlpha MB Fortis Dental Assistant - Wayne
11171065	Lead Gen	MediaAlpha MB Fortis ECG/Phlebotomy/Lab Assistant - Forty Fort
11171033	Lead Gen	MediaAlpha MB Fortis Electrical Trades - Birmingham
11171019	Lead Gen	MediaAlpha MB Fortis Electronic Systems Tech - Wayne
11170961	Lead Gen	MediaAlpha MB Fortis EMT/EMS/Paramedic - Atlanta
11171034	Lead Gen	MediaAlpha MB Fortis HVAC - Birmingham
11171038	Lead Gen	MediaAlpha MB Fortis HVAC - Centerville
11170966	Lead Gen	MediaAlpha MB Fortis HVAC - Cincinnati
11171067	Lead Gen	MediaAlpha MB Fortis HVAC - Forty Fort
11171076	Lead Gen	MediaAlpha MB Fortis HVAC - Houston South
11171020	Lead Gen	MediaAlpha MB Fortis Lab Technician - Wayne
11171043	Lead Gen	MediaAlpha MB Fortis MABXO - Columbus
11171102	Lead Gen	MediaAlpha MB Fortis MABXO - Orange Park
11170999	Lead Gen	MediaAlpha MB Fortis MABXO - Port St Lucie
11171009	Lead Gen	MediaAlpha MB Fortis MABXT - Salt Lake City
11171068	Lead Gen	MediaAlpha MB Fortis Massage Therapy - Forty Fort
11170972	Lead Gen	MediaAlpha MB Fortis Massage Therapy - Pensacola
11171021	Lead Gen	MediaAlpha MB Fortis Massage Therapy - Wayne
11170962	Lead Gen	MediaAlpha MB Fortis Medical Assistant - Atlanta
11171026	Lead Gen	MediaAlpha MB Fortis Medical Assistant - Baton Rouge
11171035	Lead Gen	MediaAlpha MB Fortis Medical Assistant - Birmingham
11171039	Lead Gen	MediaAlpha MB Fortis Medical Assistant - Centerville
11170967	Lead Gen	MediaAlpha MB Fortis Medical Assistant - Cincinnati
11171041	Lead Gen	MediaAlpha MB Fortis Medical Assistant - Columbia
11171044	Lead Gen	MediaAlpha MB Fortis Medical Assistant - Columbus
11171049	Lead Gen	MediaAlpha MB Fortis Medical Assistant - Cookeville
11171054	Lead Gen	MediaAlpha MB Fortis Medical Assistant - Cutler Bay
11171056	Lead Gen	MediaAlpha MB Fortis Medical Assistant - Cuyahoga Falls
11171060	Lead Gen	MediaAlpha MB Fortis Medical Assistant - Dothan
11171063	Lead Gen	MediaAlpha MB Fortis Medical Assistant - Foley
11171071	Lead Gen	MediaAlpha MB Fortis Medical Assistant - Houston North
11171077	Lead Gen	MediaAlpha MB Fortis Medical Assistant - Houston South
11171082	Lead Gen	MediaAlpha MB Fortis Medical Assistant - Landover
11171087	Lead Gen	MediaAlpha MB Fortis Medical Assistant - Lawrenceville
11171091	Lead Gen	MediaAlpha MB Fortis Medical Assistant - Mobile
11171095	Lead Gen	MediaAlpha MB Fortis Medical Assistant - Montgomery
11171103	Lead Gen	MediaAlpha MB Fortis Medical Assistant - Orange Park
11170974	Lead Gen	MediaAlpha MB Fortis Medical Assistant - Pensacola
11171017	Lead Gen	MediaAlpha MB Fortis Medical Assistant - Towson
11171027	Lead Gen	MediaAlpha MB Fortis Medical Billing - Baton Rouge
11171045	Lead Gen	MediaAlpha MB Fortis Medical Billing - Columbus
11171057	Lead Gen	MediaAlpha MB Fortis Medical Billing - Cuyahoga Falls
11171072	Lead Gen	MediaAlpha MB Fortis Medical Billing - Houston North
11171104	Lead Gen	MediaAlpha MB Fortis Medical Billing - Orange Park
11171001	Lead Gen	MediaAlpha MB Fortis Medical Billing - Port St Lucie
11171042	Lead Gen	MediaAlpha MB Fortis Medical Billing and Coding - Columbia
11171073	Lead Gen	MediaAlpha MB Fortis Medical Billing and Coding - Houston North
11171078	Lead Gen	MediaAlpha MB Fortis Medical Billing and Coding - Houston South
11171083	Lead Gen	MediaAlpha MB Fortis Medical Billing and Coding - Landover
11171013	Lead Gen	MediaAlpha MB Fortis Medical Billing and Coding - Scranton
11171028	Lead Gen	MediaAlpha MB Fortis Medical Lab Technician - Baton Rouge
11171036	Lead Gen	MediaAlpha MB Fortis Medical Lab Technician - Birmingham
11171050	Lead Gen	MediaAlpha MB Fortis Medical Lab Technician - Cookeville
11171092	Lead Gen	MediaAlpha MB Fortis Medical Office Admin - Mobile
11171100	Lead Gen	MediaAlpha MB Fortis Medical Office Admin - Norfolk
11170975	Lead Gen	MediaAlpha MB Fortis Medical Office Admin - Pensacola
11171058	Lead Gen	MediaAlpha MB Fortis Nursing - Cuyahoga Falls
11170977	Lead Gen	MediaAlpha MB Fortis Nursing - Pensacola
11170963	Lead Gen	MediaAlpha MB Fortis Pharmacy Tech - Atlanta
11171029	Lead Gen	MediaAlpha MB Fortis Pharmacy Tech - Baton Rouge
11171051	Lead Gen	MediaAlpha MB Fortis Pharmacy Tech - Cookeville
11171061	Lead Gen	MediaAlpha MB Fortis Pharmacy Tech - Dothan
11171093	Lead Gen	MediaAlpha MB Fortis Pharmacy Tech - Mobile
11171030	Lead Gen	MediaAlpha MB Fortis Radiologic Tech - Baton Rouge
11171046	Lead Gen	MediaAlpha MB Fortis Radiologic Tech - Columbus
11171052	Lead Gen	MediaAlpha MB Fortis Radiologic Tech - Cookeville
11171084	Lead Gen	MediaAlpha MB Fortis Radiologic Tech - Landover
11171074	Lead Gen	MediaAlpha MB Fortis Sterile Processing Tech - Houston North
11171079	Lead Gen	MediaAlpha MB Fortis Sterile Processing Tech - Houston South
11171105	Lead Gen	MediaAlpha MB Fortis Sterile Processing Tech - Orange Park
11171031	Lead Gen	MediaAlpha MB Fortis Surgical Tech - Baton Rouge
11171047	Lead Gen	MediaAlpha MB Fortis Surgical Tech - Columbus
11171053	Lead Gen	MediaAlpha MB Fortis Surgical Tech - Cookeville
11171075	Lead Gen	MediaAlpha MB Fortis Surgical Tech - Houston North
11171099	Lead Gen	MediaAlpha MB Fortis Surgical Tech - Nashville
11171106	Lead Gen	MediaAlpha MB Fortis Surgical Tech - Orange Park
11171007	Lead Gen	MediaAlpha MB Fortis Surgical Tech - Richmond
11170964	Lead Gen	MediaAlpha MB Fortis Welding - Atlanta
11170968	Lead Gen	MediaAlpha MB Fortis Welding - Cincinnati
11171059	Lead Gen	MediaAlpha MB Fortis Welding - Cuyahoga Falls
11171492	Lead Gen	MediaAlpha MB Keiser Ground
11172054	Lead Gen	MediaAlpha Medicare Helpline
11172205	Contextual	MediaForce e-File
11170747	Contextual	Metarail H&R Block Product
11170321	Contextual	Metarail Hotwire
11170799	Contextual	Metarail Macys
11170800	Contextual	Metarail Macys Product
11172103	Contextual	Metarail Trivago Product
11170578	Contextual	Metarail TurboTax
11170801	Contextual	Metarail TurboTax Product
11163236	Internal	MetroHubs.com
11172031	Push	MobiPromote buythegoods.com
11169347	Push	MobiPromote Contextual
11171604	Push	MobiPromote Nissan XML
11170864	Push	MobiPromote Samsung Beyond
11165858	Other	MomsGuideBook
11165859	Internal	MomXyz
11167880	Other	mscareergirl-search-organic
11169476	Arbitrage	MusicLabs Trivago US Homepage
11169651	Native	Mutually Taboola
11171677	Extension	My Media
11171644	Extension	My Media
11171645	Extension	My Media
11171118	Extension	My Media 1800 Contacts
11171126	Extension	My Media Burpee
11170803	Extension	My Media Chewy
11171733	Extension	My Media Choice Hotels
11171119	Extension	My Media Dollar Shave
11171141	Extension	My Media Ebates
11171120	Extension	My Media eHarmony
11171122	Extension	My Media Experian
11171131	Extension	My Media Forever21
11170932	Extension	My Media Geico
11171882	Extension	My Media Harry's
11170804	Extension	My Media Hotwire
11171115	Extension	My Media HP
11170933	Extension	My Media HR Block
11170773	Extension	My Media JCPenney
11171321	Extension	My Media JS
11171125	Extension	My Media Keurig
11171588	Extension	My Media Kmart
11171121	Extension	My Media LampsPlus
11171948	Lead Gen	My Media Lead Gen Progressive
11171748	Extension	My Media LendingTree Debt Relief
11171986	Extension	My Media Lendingtree Personal Loans
11171973	Extension	My Media LendingTree SF
11170762	Extension	My Media Macys
11172118	Extension	My Media Mercedes Benz
11171134	Extension	My Media Merrell
11171127	Extension	My Media Nature Made
11171590	Extension	My Media Nissan
11170764	Extension	My Media Overstock
11171116	Extension	My Media Pandora
11171397	Extension	My Media Progressive
11171310	Extension	My Media Sears
11171135	Extension	My Media Sperry
11172070	Extension	My Media TAG Heuer
11171927	Extension	My Media Teleflora
11171128	Extension	My Media Toyota
11171123	Extension	My Media Transunion
11170895	Extension	My Media Trivago
11170805	Extension	My Media UnderArmour
11171124	Extension	My Media Volvo
11171117	Extension	My Media WebstaurantStore
11171877	Extension	My Media Zenni Optical
11172114	Lead Gen	MyAdOptimizer Lending Tree Refi Express
11170854	Extension	MyMedia Search
11170816	Domain	NameSpace 1800Contacts
11170817	Domain	NameSpace ApartmentList
11170819	Domain	NameSpace CenturyLink
11170820	Domain	NameSpace Chewy
11170821	Domain	NameSpace CountryInns
11170822	Domain	NameSpace DollarShaveClub
11171676	Domain	NameSpace eBates.com
11170823	Domain	NameSpace eHarmony
11170824	Domain	NameSpace Experian
11170825	Domain	NameSpace FreeShipping
11170829	Domain	NameSpace Hotwire
11170830	Domain	NameSpace JCPenney
11170831	Domain	NameSpace LampsPlus
11170832	Domain	NameSpace LegalZoom
11171672	Domain	NameSpace LendingTree
11170833	Domain	NameSpace Macys
11171668	Domain	NameSpace NewCars.com
11170649	Domain	NameSpace NXD
11171662	Domain	NameSpace Overstock
11171663	Domain	NameSpace Samsung
11171669	Domain	NameSpace Sears
11171665	Domain	NameSpace Transunion
11170834	Domain	NameSpace Trivago
11171667	Domain	NameSpace Volvo
11172002	Lead Gen	Neutron Interactive Fortis Medical Asst - Atlanta - V2
11172003	Lead Gen	Neutron Interactive Fortis Medical Asst - Baton Rouge - V2
11172004	Lead Gen	Neutron Interactive Fortis Medical Asst - Birmingham - V2
11172005	Lead Gen	Neutron Interactive Fortis Medical Asst - Houston North - V2
11172006	Lead Gen	Neutron Interactive Fortis Medical Asst - Houston South - V2
11172007	Lead Gen	Neutron Interactive Fortis Medical Asst - Indianapolis - V2
11172008	Lead Gen	Neutron Interactive Fortis Medical Asst - Nashville - V2
11172009	Lead Gen	Neutron Interactive Fortis Medical Asst - Port St Lucie - V2
11172010	Lead Gen	Neutron Interactive Fortis Medical Asst - Richmond - V2
11172011	Lead Gen	Neutron Interactive Fortis Medical Billing - Baton Rouge - V2
11171881	Lead Gen	Neutron Interactive Fortis Nursing
11171963	Contextual	Newsmax CarPriceSecrets
11171873	Contextual	Newsmax Geneology Bank
11171889	Contextual	Newsmax Lifeline Screening
11171872	Contextual	Newsmax Overstock
11171950	Contextual	Newsmax US Border Patrol
11169612	Pop/Lightbox	Nissan Lightbox
19	Other	None - Extra
3	Other	None - Extra2
11170815	Mobile Search	NTENT Mobile Search
11170856	Browser	Opera Chewy Desktop
11170857	Browser	Opera Chewy Mobile
11170410	Browser	Opera Edmonds Mobile
11170313	Browser	Opera eHarmony Mobile
11170906	Browser	Opera Geico Desktop
11172080	Browser	Opera Groupon
11172172	Browser	Opera H&R Block
11170315	Browser	Opera Hotwire Mobile
11172174	Browser	Opera HR Block Mobile
11170364	Browser	Opera Macys Mobile
11171617	Browser	Opera Nissan Mobile
11170365	Browser	Opera Overstock Mobile
11170381	Browser	Opera Pizza Hut Desktop
11170382	Browser	Opera Pizza Hut Mobile
11171688	Browser	Opera Sears
11171641	Browser	Opera Software
11171628	Browser	Opera Software
11170907	Browser	Opera Trivago Desktop
11170517	Browser	Opera TurboTax Mobile
11170328	Native	Outbrain CPS
11170205	Native	Outbrain DollarShave US
11170200	Native	Outbrain Giants
11169805	Native	Outbrain InsureMyCarNow
11170051	Native	Outbrain LendingTree Refi WL Desktop 
11170001	Native	Outbrain LendingTree Refinance
11170005	Native	Outbrain MB Legalzoom
11170017	Native	Outbrain MB LendingTree Purchase
11170203	Native	Outbrain NFLgeneral
11170196	Native	Outbrain Packers
11170199	Native	Outbrain Panthers
11170057	Native	Outbrain REFI WL Affluent Desktop
11169689	Native	Outbrain Samsung
11170175	Native	Outbrain Samsung Mobile QLED
11170552	Native	Outbrain TurboTax
11169781	Native	Outbrain Webstaurantstore
11163405	Domain	Oversee
11169826	Lead Gen	Oversee
11162929	Pop/Lightbox	PayPerLead CPV
11169720	Social	Pinterest Apple Music
11169438	Social	Pinterest GenealogyBank
11169419	Social	Pinterest Hotwire
11169447	Social	Pinterest Victorias Secret
11172060	Contextual	Powerlinks Best Western Product
11172101	Contextual	Powerlinks Chewy Product
11171715	Contextual	Powerlinks Experian Product
11171716	Contextual	Powerlinks Lending Tree Product
11171728	Contextual	PowerLinks LendingTree Personal Loans
11171610	Native	Powerlinks Nissan
1	Internal	Premium Custom SID 1
11171683	Deal Site	PriceTrace LLC
11171822	Push	Prime Publishing Webstaurant Store
11168965	Pop/Lightbox	Propel Intext NextGen Medicare
11169941	Other	propel Lightbox Chaco Brand
11170286	Pop/Lightbox	Propel Lightbox NSO
11170235	Pop/Lightbox	Propel Lightbox Pandora Brand Desktop Evergreen
11170078	Pop/Lightbox	Propel MB CAT Footwear Lightbox1
11169428	Pop/Lightbox	Propel MB Lightbox Connexity
11169949	Pop/Lightbox	Propel MB Merrell Lightbox
11170679	Pop/Lightbox	Propel MB Nature Made Amazon
11169360	Pop/Lightbox	Propel MB Pop Connexity 2
11172155	Push	Propel MB Push Chewy
11171740	Pop/Lightbox	Propel MB RON Edmunds Homepage
11171741	Pop/Lightbox	Propel MB RON Edmunds Sedan AWD
11169951	Pop/Lightbox	propel MB Sperry Lightbox
11171817	Pop/Lightbox	Propel MB Targeted Edmunds Homepage
11170023	Pop/Lightbox	Propel Media MB Chewy TextLink
11170020	Pop/Lightbox	Propel Media MB Webstuarant store TextLink
11169777	Pop/Lightbox	Propel Nissan Textlink
11170530	Pop/Lightbox	Propel Textlink AptList - T1
11170531	Pop/Lightbox	Propel Textlink AptList - T2
11170504	Pop/Lightbox	Propel TextLink Lamps Plus Desktop
11171632	Pop/Lightbox	PropelMedia
11171633	Pop/Lightbox	PropelMedia
11171892	Pop/Lightbox	PropelMedia - AARP - Product - Textlink
11171930	Pop/Lightbox	PropelMedia - Best Western - Brand - Textlink
11171931	Pop/Lightbox	PropelMedia - Best Western - Location - Textlink
11171893	Pop/Lightbox	PropelMedia - UHC - Product - Textlink
11172025	Pop/Lightbox	PropelMedia - WeeklySauce - Depression
11172027	Pop/Lightbox	PropelMedia - WeeklySauce - Dog
11172026	Pop/Lightbox	PropelMedia - WeeklySauce - Food
11169437	Pop/Lightbox	PropelMedia 1800Contacts Lightbox Branded
11169462	Pop/Lightbox	PropelMedia 1800Contacts Lightbox NonBrand
11170325	Pop/Lightbox	PropelMedia ApartmentList Lightbox
11170237	Pop/Lightbox	PropelMedia ApartmentList TextLink
11170500	Pop/Lightbox	PropelMedia ApartmentList TextLink2
11169469	Pop/Lightbox	PropelMedia ATT Uverse NonBrand Lightbox
11169872	Pop/Lightbox	PropelMedia Chacos Brand Intext
11172021	Pop/Lightbox	PropelMedia Choice Hotels Lightbox
11171736	Pop/Lightbox	PropelMedia ChoiceHotels Brand Textlink
11171737	Pop/Lightbox	PropelMedia ChoiceHotels NonBrand Textlink
11170290	Pop/Lightbox	PropelMedia DollarShaveClub Lightbox
11171160	Pop/Lightbox	PropelMedia Ebates Lightbox V1
11171161	Pop/Lightbox	PropelMedia Ebates Lightbox V2
11169443	Pop/Lightbox	PropelMedia eHarmony Lightbox Brand
11169468	Pop/Lightbox	PropelMedia FScom Main Lightbox
11169466	Pop/Lightbox	PropelMedia GenealogyBank Intext
11169485	Pop/Lightbox	PropelMedia GeneaologyBank Lightbox
11169547	Pop/Lightbox	PropelMedia Home Security Lightbox
11169552	Pop/Lightbox	PropelMedia Hyperconverged Lightbox
11169445	Pop/Lightbox	PropelMedia Intext ATT UVerse
11169340	Pop/Lightbox	PropelMedia Intext Main FScom
11169693	Pop/Lightbox	PropelMedia Lightbox Burpee
11169511	Pop/Lightbox	PropelMedia Lightbox Macys Branded
11169439	Pop/Lightbox	PropelMedia Lightbox SVG Medicare
11171808	Pop/Lightbox	PropelMedia LT Debt Relief Lightbox
11165926	Pop/Lightbox	PropelMedia Master SID
11170362	Pop/Lightbox	PropelMedia MB CarPriceSecrets Lightbox
11171858	Pop/Lightbox	PropelMedia MB Choice Hotels CompetitorTextlink
11170482	Pop/Lightbox	PropelMedia MB Country Inns Lightbox
11171287	Pop/Lightbox	PropelMedia MB E-File.com Textlink
11170727	Pop/Lightbox	PropelMedia MB HRBlock Brand Textlink
11170726	Pop/Lightbox	PropelMedia MB HRBlock Generic Textlink
11169600	Pop/Lightbox	PropelMedia MB HRBlock Lightbox
11169671	Pop/Lightbox	PropelMedia MB HyperConverged Pop2
11170342	Pop/Lightbox	PropelMedia MB InsureMyCar Lightbox
11169709	Pop/Lightbox	PropelMedia MB Intext TheZebra
11170294	Pop/Lightbox	PropelMedia MB LegalZoom Lightbox
11171727	Pop/Lightbox	PropelMedia MB LendingTree Debt Relief Textlink
11172164	Push	PropelMedia MB NADAGuides Push
11170376	Pop/Lightbox	PropelMedia MB NewCars Lightbox
11172092	Push	PropelMedia MB NewCars Push
11169701	Pop/Lightbox	PropelMedia MB NT Volvo Conquest
11170685	Pop/Lightbox	PropelMedia MB Realtor.com Lightbox V1
11170686	Pop/Lightbox	PropelMedia MB Realtor.com Lightbox V2
11169989	Intext	PropelMedia MB Textlink 1800Contacts Brand
11170147	Pop/Lightbox	PropelMedia MB Textlink Black Book
11169832	Pop/Lightbox	PropelMedia MB Textlink CarPriceSecrets
11169816	Pop/Lightbox	PropelMedia MB Textlink CS InsureMyCar
11169961	Pop/Lightbox	PropelMedia MB Textlink eHarmony
11170157	Pop/Lightbox	PropelMedia MB Textlink Frontier Brand
11170019	Pop/Lightbox	PropelMedia MB Textlink Legalzoom
11170141	Pop/Lightbox	PropelMedia MB Textlink Lending Tree Reverse
11170142	Pop/Lightbox	PropelMedia MB Textlink LendingTree Home Equity
11170143	Pop/Lightbox	PropelMedia MB Textlink LendingTree Purchase
11169764	Pop/Lightbox	PropelMedia MB Textlink LendingTree Refinance
11170190	Pop/Lightbox	PropelMedia MB Textlink Macys
11170029	Pop/Lightbox	PropelMedia MB Textlink Newcarscom
11170187	Pop/Lightbox	PropelMedia MB Textlink SVG Medicare
11169988	Pop/Lightbox	PropelMedia MB Textlink Trivago Destination
11169983	Pop/Lightbox	PropelMedia MB Textlink Trivago Homepage
11170513	Pop/Lightbox	PropelMedia MB Textlink Volvo Conquest
11169641	Pop/Lightbox	PropelMedia Modular Burpee
11171990	Pop/Lightbox	PropelMedia Noom Textlink
11170626	Pop/Lightbox	PropelMedia Realtor Brand Textlink
11170627	Pop/Lightbox	PropelMedia Realtor Geo Textlink
11170049	Pop/Lightbox	PropelMedia SelectQuoteSenior Brand LightBox
11169661	Pop/Lightbox	PropelMedia TextLink Main FScom
11170299	Pop/Lightbox	PropelMedia UnderArmour Brand TextLink
11170300	Pop/Lightbox	PropelMedia UnderArmour Nonbrand Textlink
11170301	Pop/Lightbox	PropelMedia UnderArmour Trademark TextLink
11172022	Pop/Lightbox	PropelMedia UnitedHealthcare - UHC - Product Lightbox
11170567	Pop/Lightbox	PropelMedia Vivint Brand Textlink
11170625	Pop/Lightbox	PropelMedia Vivint LightBox
11170568	Pop/Lightbox	PropelMedia Vivint Nonbrand Textlink
11170607	Pop/Lightbox	PropelMedia WebstaurantStore Lightbox
11169546	Pop/Lightbox	PropelMedia Window Costs Lightbox
11172207	Push	Pushnami Apartment List
11171998	Push	Pushnami At&t Uverse
11172033	Push	PushNami buythegoods.com
11171997	Push	Pushnami CarpriceSecrets
11172200	Push	Pushnami Dollar Shave Club
11172199	Push	Pushnami e-File 
11172081	Push	Pushnami Essilor
11172137	Push	Pushnami Experian
11172198	Push	Pushnami Groupon
11172115	Push	Pushnami HR Block
11172153	Push	Pushnami Hulu
11172061	Push	Pushnami JCPenney
11172036	Push	Pushnami LendingTree Personal Loans
11172029	Push	Pushnami LendingTree SF 
11172119	Push	Pushnami Mercedes Benz
11172110	Push	Pushnami Morning Brew
11172127	Push	Pushnami National Geographic
11172050	Push	Pushnami Noom
11171996	Push	Pushnami Progressive
11172192	Push	Pushnami Restasis
11172136	Push	Pushnami Transunion
11172030	Push	Pushnami Vivint
11172096	Push	Pushnami Zenni Optical 
11169579	Lead Gen	Quinstreet AllState Baltimore HVAC
11169578	Lead Gen	Quinstreet AllState Baltimore Medical Assistant
11169402	Lead Gen	Quinstreet AllState Essington CDL
11169455	Lead Gen	Quinstreet Allstate Essington Dental Assistant
11169452	Lead Gen	Quinstreet Allstate Essington HVAC
11169453	Lead Gen	Quinstreet Allstate Essington Medical Assistant
11169454	Lead Gen	Quinstreet Allstate Essington Medical Billing and Coding
11169401	Lead Gen	Quinstreet AllState Pittsburgh CDL
11169580	Lead Gen	Quinstreet AllState Pittsburgh HVAC
11169090	Lead Gen	Quinstreet Fortis Medical Asst Atlanta
11169091	Lead Gen	Quinstreet Fortis Medical Asst Baton Rouge
11169092	Lead Gen	Quinstreet Fortis Medical Asst Birmingham
11169093	Lead Gen	Quinstreet Fortis Medical Asst Centerville
11169094	Lead Gen	Quinstreet Fortis Medical Asst Cincinnati
11169095	Lead Gen	Quinstreet Fortis Medical Asst Columbia
11169096	Lead Gen	Quinstreet Fortis Medical Asst Columbus
11169097	Lead Gen	Quinstreet Fortis Medical Asst Cookeville
11169098	Lead Gen	Quinstreet Fortis Medical Asst Cutler Bay
11169099	Lead Gen	Quinstreet Fortis Medical Asst Cuyahoga Falls
11169100	Lead Gen	Quinstreet Fortis Medical Asst Dothan
11169102	Lead Gen	Quinstreet Fortis Medical Asst Foley
11169103	Lead Gen	Quinstreet Fortis Medical Asst Forty Fort
11169105	Lead Gen	Quinstreet Fortis Medical Asst Grand Prairie
11169106	Lead Gen	Quinstreet Fortis Medical Asst Houston North
11169107	Lead Gen	Quinstreet Fortis Medical Asst Houston South
11169108	Lead Gen	Quinstreet Fortis Medical Asst Indianapolis
11169109	Lead Gen	Quinstreet Fortis Medical Asst Landover
11169110	Lead Gen	Quinstreet Fortis Medical Asst Lawrenceville
11169111	Lead Gen	Quinstreet Fortis Medical Asst Mobile
11169112	Lead Gen	Quinstreet Fortis Medical Asst Montogomery
11169113	Lead Gen	Quinstreet Fortis Medical Asst Nashville
11169114	Lead Gen	Quinstreet Fortis Medical Asst Norfolk
11169115	Lead Gen	Quinstreet Fortis Medical Asst Orange Park
11169116	Lead Gen	Quinstreet Fortis Medical Asst Pensacola
11169118	Lead Gen	Quinstreet Fortis Medical Asst Port St Lucie
11169120	Lead Gen	Quinstreet Fortis Medical Asst Richmond
11169121	Lead Gen	Quinstreet Fortis Medical Asst Scranton
11169123	Lead Gen	Quinstreet Fortis Medical Asst Towson
11169124	Lead Gen	Quinstreet Fortis Medical Asst Wayne
11169126	Lead Gen	Quinstreet Fortis Medical Billing Baton Rouge
11169127	Lead Gen	Quinstreet Fortis Medical Billing Columbia
11169128	Lead Gen	Quinstreet Fortis Medical Billing Columbus
11169129	Lead Gen	Quinstreet Fortis Medical Billing Cuyahoga Falls
11169130	Lead Gen	Quinstreet Fortis Medical Billing Houston North
11169131	Lead Gen	Quinstreet Fortis Medical Billing Houston South
11169132	Lead Gen	Quinstreet Fortis Medical Billing Landover
11169133	Lead Gen	Quinstreet Fortis Medical Billing Orange Park
11169135	Lead Gen	Quinstreet Fortis Medical Billing Port St Lucie
11169137	Lead Gen	Quinstreet Fortis Medical Billing Wayne
11169164	Lead Gen	Quinstreet Fortis Surgical Tech Columbus
11169488	Lead Gen	Quinstreet Indianapolis Dental Assistant
11170427	Lead Gen	Quinstreet MB ACU Graduate
11169708	Lead Gen	Quinstreet MB Everglades
11170383	Lead Gen	Quinstreet MB GCU Grad Nursing
11170038	Lead Gen	Quinstreet MB GCU UG Justice Studies Online
11170039	Lead Gen	Quinstreet MB GCU UG Psychology Online
11169956	Lead Gen	Quinstreet MB JWU Grad
11171760	Lead Gen	Quinstreet MB Keiser Ground Clearwater
11171761	Lead Gen	Quinstreet MB Keiser Ground Lakeland
11171762	Lead Gen	Quinstreet MB Keiser Ground Melbourne
11171763	Lead Gen	Quinstreet MB Keiser Ground Naples
11171764	Lead Gen	Quinstreet MB Keiser Ground New Port Richey 
11171765	Lead Gen	Quinstreet MB Keiser Ground Pembroke Pines
11171766	Lead Gen	Quinstreet MB Keiser Ground Port St. Lucie
11171767	Lead Gen	Quinstreet MB Keiser Ground Sarasota
11171768	Lead Gen	Quinstreet MB Keiser Ground Tallahassee
11170555	Lead Gen	Quinstreet MB Keiser National eCampus
11169623	Lead Gen	Quinstreet MB Keypath
11170701	Lead Gen	Quinstreet MB LendingTree Refinance
11171820	Lead Gen	Quinstreet MB University of Cumberlands
11169489	Lead Gen	Quinstreet Norfolk Dental Assistant
11169490	Lead Gen	Quinstreet Pensacola Massage Therapy
11169491	Lead Gen	Quinstreet Pensacola Medical Office Admin
11169190	Lead Gen	Quinstreet UTI Auto
11169221	Lead Gen	Quinstreet UTI Diesel
11169191	Lead Gen	Quinstreet UTI Motor
11168524	Lead Gen	Quinstreet-Fortis Centerville Nursing-V2
11168525	Lead Gen	Quinstreet-Fortis Cincinnati Nursing-V2
11168537	Lead Gen	Quinstreet-Fortis Columbia Nursing-V2
11168526	Lead Gen	Quinstreet-Fortis Columbus Nursing-V2
11168532	Lead Gen	Quinstreet-Fortis Cutler Bay Nursing-V2
11168527	Lead Gen	Quinstreet-Fortis Cuyahoga Falls Nursing-V2
11168562	Lead Gen	Quinstreet-Fortis Dental-Atlanta
11168563	Lead Gen	Quinstreet-Fortis Dental-Birmingham
11168564	Lead Gen	Quinstreet-Fortis Dental-Centerville
11168565	Lead Gen	Quinstreet-Fortis Dental-Cincinnati
11168566	Lead Gen	Quinstreet-Fortis Dental-Columbia
11168567	Lead Gen	Quinstreet-Fortis Dental-Cuyahoga Falls
11168569	Lead Gen	Quinstreet-Fortis Dental-Houston North
11168570	Lead Gen	Quinstreet-Fortis Dental-Landover
11168571	Lead Gen	Quinstreet-Fortis Dental-Lawrenceville
11168572	Lead Gen	Quinstreet-Fortis Dental-Mobile
11168573	Lead Gen	Quinstreet-Fortis Dental-Montgomery
11168574	Lead Gen	Quinstreet-Fortis Dental-Orange Park
11168575	Lead Gen	Quinstreet-Fortis Dental-Pensacola
11168576	Lead Gen	Quinstreet-Fortis Dental-Phoenix
11168577	Lead Gen	Quinstreet-Fortis Dental-Port St. Lucie
11168578	Lead Gen	Quinstreet-Fortis Dental-Richmond
11168579	Lead Gen	Quinstreet-Fortis Dental-Salt Lake City
11168580	Lead Gen	Quinstreet-Fortis Dental-Scranton
11168581	Lead Gen	Quinstreet-Fortis Dental-Towson
11168582	Lead Gen	Quinstreet-Fortis HVAC - Atlanta
11168583	Lead Gen	Quinstreet-Fortis HVAC - Baton Rouge
11168584	Lead Gen	Quinstreet-Fortis HVAC - Birmingham
11168585	Lead Gen	Quinstreet-Fortis HVAC - Centerville
11168586	Lead Gen	Quinstreet-Fortis HVAC - Cincinnati
11168587	Lead Gen	Quinstreet-Fortis HVAC - Columbia
11168588	Lead Gen	Quinstreet-Fortis HVAC - Columbus
11168589	Lead Gen	Quinstreet-Fortis HVAC - Cookeville
11168590	Lead Gen	Quinstreet-Fortis HVAC - Cuyahoga Falls
11168591	Lead Gen	Quinstreet-Fortis HVAC - Dothan
11168593	Lead Gen	Quinstreet-Fortis HVAC - Foley
11168594	Lead Gen	Quinstreet-Fortis HVAC - Forty Fort
11168595	Lead Gen	Quinstreet-Fortis HVAC - Houston North
11168596	Lead Gen	Quinstreet-Fortis HVAC - Houston South
11168597	Lead Gen	Quinstreet-Fortis HVAC - Indianapolis
11168598	Lead Gen	Quinstreet-Fortis HVAC - Mobile
11168600	Lead Gen	Quinstreet-Fortis HVAC - Nashville
11168601	Lead Gen	Quinstreet-Fortis HVAC - Norfolk
11168602	Lead Gen	Quinstreet-Fortis HVAC - Pensacola
11168603	Lead Gen	Quinstreet-Fortis HVAC - Port St. Lucie
11168605	Lead Gen	Quinstreet-Fortis HVAC - Richmond
11168607	Lead Gen	Quinstreet-Fortis HVAC - Salt Lake City
11168608	Lead Gen	Quinstreet-Fortis HVAC - Wayne
11168538	Lead Gen	Quinstreet-Fortis Indianapolis Nursing-V2
11168542	Lead Gen	Quinstreet-Fortis Nashville Nursing-V2
11168543	Lead Gen	Quinstreet-Fortis Norfolk Nursing-V2
11168529	Lead Gen	Quinstreet-Fortis Orange Park Nursing-V2
11168530	Lead Gen	Quinstreet-Fortis Pensacola Nursing-V2
11168533	Lead Gen	Quinstreet-Fortis Phoenix Nursing-V2
11168531	Lead Gen	Quinstreet-Fortis Port St. Lucie Nursing-V2
11168534	Lead Gen	Quinstreet-Fortis Richmond Nursing-V2
11168535	Lead Gen	Quinstreet-Fortis Salt Lake City Nursing-V2
11168536	Lead Gen	Quinstreet-Fortis Scranton Nursing-V2
11168555	Lead Gen	Quinstreet-search-Art Institute 2-direct-us
11169742	Intext	Rapiso MB Intext The Zebra
11170940	Pop/Lightbox	Rapiso MB Pop Hewlett Packard Gaming
11170941	Pop/Lightbox	Rapiso MB Pop Hewlett Packard SMB
11170571	Pop/Lightbox	Rapsio
11171654	Pop/Lightbox	Rapsio
11170415	Pop/Lightbox	Rapsio Lamps Plus Desktop
11169621	Pop/Lightbox	Rapsio MB Burpee
11170677	Intext	Rapsio MB Buttercloth Competitor
11169625	Pop/Lightbox	Rapsio MB Frontier Brand
11170877	Pop/Lightbox	Rapsio MB HR Block Generic/Competitor
11169670	Pop/Lightbox	Rapsio MB HyperConverged
11169378	Intext	Rapsio MB intext ATT UVerse Nonbrand
11169835	Intext	Rapsio MB Intext CarPriceSecrets
11169836	Intext	Rapsio MB Intext Crowdsteer InsureMyCar
11169267	Intext	Rapsio MB Intext EFile
11169375	Intext	Rapsio MB intext Genealogy
11169376	Intext	Rapsio MB intext GlassesUSA
11169772	Intext	Rapsio MB Intext LendingTree Refinance
11169367	Intext	Rapsio MB intext SVG
11170573	Pop/Lightbox	Rapsio MB pop Bates Brand
11169770	Pop/Lightbox	Rapsio MB Pop Black Book
11171150	Pop/Lightbox	Rapsio MB Pop Blue Dot
11170717	Pop/Lightbox	Rapsio MB Pop Buttercloth Competitor
11170718	Pop/Lightbox	Rapsio MB Pop Buttercloth SharkTank
11169978	Pop/Lightbox	Rapsio MB Pop Carbon38 Brand
11169769	Pop/Lightbox	Rapsio MB Pop CarPriceSecrets
11169314	Pop/Lightbox	Rapsio MB Pop CenturyLink CL
11169332	Pop/Lightbox	Rapsio MB Pop CenturyLink Generic
11169868	Pop/Lightbox	Rapsio MB Pop Chacos Brand
11170236	Pop/Lightbox	Rapsio MB pop Chewy Brand
11170400	Pop/Lightbox	Rapsio MB Pop Country Inns
11169233	Pop/Lightbox	Rapsio MB Pop Crowdsteer Home Security
11169779	Pop/Lightbox	Rapsio MB Pop Crowdsteer InsureMyCar
11170207	Pop/Lightbox	Rapsio MB Pop DSC US Brand
11170209	Pop/Lightbox	Rapsio MB Pop DSC US Conquest
11170208	Pop/Lightbox	Rapsio MB Pop DSC US NonBrand
11169388	Pop/Lightbox	Rapsio MB Pop eBay
11170936	Pop/Lightbox	Rapsio MB pop Forever 21
11169557	Pop/Lightbox	Rapsio MB Pop Frontier NonBrand
11170087	Pop/Lightbox	Rapsio MB Pop GruntStyle Brand
11170094	Pop/Lightbox	Rapsio MB pop JC Penney Brand
11169741	Pop/Lightbox	Rapsio MB Pop LegalZoom
11170072	Pop/Lightbox	Rapsio MB Pop Lending Tree Home Equity
11169979	Pop/Lightbox	Rapsio MB Pop Lending Tree Purchase
11169721	Pop/Lightbox	Rapsio MB Pop Lending Tree Refinance
11169787	Pop/Lightbox	Rapsio MB Pop Lending Tree Reverse Mortgage
11171300	Pop/Lightbox	Rapsio MB Pop Lucid Chart
11169543	Pop/Lightbox	Rapsio MB Pop Macys Branded
11169923	Pop/Lightbox	rapsio MB pop Merrell Brand
11170431	Pop/Lightbox	Rapsio MB pop Monevo
11170693	Pop/Lightbox	Rapsio MB pop Nature Made Amazon
11169919	Pop/Lightbox	rapsio MB pop NSO Brand
11169921	Pop/Lightbox	rapsio MB pop NSO Nonbrand
11169973	Pop/Lightbox	rapsio MB pop Pandora Brand
11170937	Pop/Lightbox	Rapsio MB pop Parachute Home
11169363	Pop/Lightbox	Rapsio MB Pop Pizza Hut
11170659	Pop/Lightbox	Rapsio MB pop RealtorLead Geo
11170293	Pop/Lightbox	Rapsio MB pop SAP Analytics
11171278	Pop/Lightbox	Rapsio MB pop Sears
11169927	Pop/Lightbox	rapsio MB pop Sperry Brand
11169702	Pop/Lightbox	Rapsio MB Pop TheZebra
11170602	Pop/Lightbox	Rapsio MB pop Underarmour Brand
11170598	Pop/Lightbox	Rapsio MB pop UnderArmour Trademark
11169207	Pop/Lightbox	Rapsio MB Pop UVerse Branded
11169206	Pop/Lightbox	Rapsio MB Pop UVerse NonBranded
11170604	Pop/Lightbox	Rapsio MB pop Vivint Brand
11170605	Pop/Lightbox	Rapsio MB pop Vivint Nonbrand
11169699	Pop/Lightbox	Rapsio MB Pop Volvo Conquest
11170880	Pop/Lightbox	Rapsio MB pop Zip Recruiter
11169644	Push	Rapsio MB Push ATT NonBrand
11169642	Push	Rapsio MB Push Frontier Brand
11169298	Pop/Lightbox	Rapsio MB SVG
11171389	Pop/Lightbox	Rapsio MP pop - Life Line Screening
11169611	Pop/Lightbox	Rapsio Nissan
11167735	Pop/Lightbox	Rapsio Pop FreeShipping
11169061	Pop/Lightbox	Rapsio Pop Genealogy Bank Newspapers
11167250	Intext	Rapsio-contextual-intext-eHarmony Branded-direct-us
11167249	Intext	Rapsio-contextual-intext-eHarmony Nonbranded-direct-us
11167732	Intext	Rapsio-intext-CC Freeshipping Unbranded-direct
11166476	Pop/Lightbox	Rapsio-pop-over-1-800-Contacts NonBranded-kw-us-direct
11165521	Pop/Lightbox	Rapsio-pop-over-1800contacts-kw-us-direct
11166882	Pop/Lightbox	Rapsio-pop-over-Crowdsteer Windows-kw-us-direct
11167401	Pop/Lightbox	Rapsio-pop-over-eFile-kw-us-direct
11167246	Pop/Lightbox	Rapsio-pop-over-eHarmony Branded-kw-us-direct
11167245	Pop/Lightbox	Rapsio-pop-over-eHarmony Nonbranded-kw-us-direct
11166660	Pop/Lightbox	Rapsio-pop-over-Experian Branded-kw-us-direct
11166661	Pop/Lightbox	Rapsio-pop-over-Experian Nonbranded-kw-us-direct
11165972	Pop/Lightbox	Rapsio-pop-over-Hotwire_USA_DiscountHotels-kw-us-direct
11167757	Pop/Lightbox	Rapsio-pop-over-Trivago-kw-us-direct
11171281	Extension	Redbrick Quick-links
11170781	Lead Gen	Renuant Fortis Atlanta Med Asst
11170785	Lead Gen	Renuant Fortis Houston North Med Asst
11170786	Lead Gen	Renuant Fortis Nashville Nursing
11170783	Lead Gen	Renuant Fortis Pensacola Med Asst
11170636	Lead Gen	Renuant LendingTree
11170787	Lead Gen	Renuant LLC
11170697	Lead Gen	Renuant MB Everglades
11171427	Lead Gen	Renuant MB Fortis Medical Asst - Atlanta
11171428	Lead Gen	Renuant MB Fortis Medical Asst - Baton Rouge
11171429	Lead Gen	Renuant MB Fortis Medical Asst - Birmingham
11171430	Lead Gen	Renuant MB Fortis Medical Asst - Centerville
11171431	Lead Gen	Renuant MB Fortis Medical Asst - Cincinnati
11171432	Lead Gen	Renuant MB Fortis Medical Asst - Columbia
11171434	Lead Gen	Renuant MB Fortis Medical Asst - Cookeville
11171435	Lead Gen	Renuant MB Fortis Medical Asst - Cutler Bay
11171436	Lead Gen	Renuant MB Fortis Medical Asst - Cuyahoga Falls
11171437	Lead Gen	Renuant MB Fortis Medical Asst - Dothan
11171438	Lead Gen	Renuant MB Fortis Medical Asst - Foley
11171439	Lead Gen	Renuant MB Fortis Medical Asst - Forty Fort
11171440	Lead Gen	Renuant MB Fortis Medical Asst - Houston North
11171442	Lead Gen	Renuant MB Fortis Medical Asst - Indianapolis
11171443	Lead Gen	Renuant MB Fortis Medical Asst - Landover
11171444	Lead Gen	Renuant MB Fortis Medical Asst - Lawrenceville
11171445	Lead Gen	Renuant MB Fortis Medical Asst - Mobile
11171449	Lead Gen	Renuant MB Fortis Medical Asst - Orange Park
11171450	Lead Gen	Renuant MB Fortis Medical Asst - Pensacola
11171452	Lead Gen	Renuant MB Fortis Medical Asst - Port St Lucie
11171453	Lead Gen	Renuant MB Fortis Medical Asst - Richmond
11171454	Lead Gen	Renuant MB Fortis Medical Asst - Scranton
11171455	Lead Gen	Renuant MB Fortis Medical Asst - Towson
11171456	Lead Gen	Renuant MB Fortis Medical Asst - Wayne
11171475	Lead Gen	Renuant MB Fortis Pharmacy Tech - Cookeville
11170641	Lead Gen	Renuant MB JWU Grad
11171319	Lead Gen	Renuant MB Keiser eCampus
11170700	Lead Gen	Renuant MB Keiser Ground
11171309	Lead Gen	Renuant MB LendingTree Express
11171275	Lead Gen	Renuant MB LendingTree Home Equity
11170776	Lead Gen	Renuant MB Post University Graduate
11170775	Lead Gen	Renuant MB Post University Undergrad
11170788	Lead Gen	Renuant Pensacola Nursing
11171289	Contextual	Reserve Tech Experian
11171288	Contextual	Reserve Tech Hotwire
11171290	Contextual	Reserve Tech Macys
11171291	Contextual	Reserve Tech Overstock
11165370	Pop/Lightbox	RevenueHits Pop Over
11166909	Pop/Lightbox	RevenueHits Pop Under
11165678	Pop/Lightbox	RevenueHits-pop-direct-us ca au-XML- direct portal
11170309	Contextual	ROKT 1800Contacts
11170231	Contextual	ROKT FabFitFun
11170228	Contextual	ROKT JCPenney
11170230	Contextual	ROKT LegalZoom
11170229	Contextual	ROKT Overstock
11170580	Thank You Page	ROKT TurboTax
11169465	Domain	RookMedia Domain
11169464	Domain	RookMedia Domain OO
11171812	Domain	RVN Digital Domain Adult
11169594	Domain	RVN Digital Zero Click
11170318	Contextual	Samples 1800Contacts SMS
11170258	Other	Samplescom
11170541	Extension	SearchEmoji Desktop
11169270	Internal	SearchIQ
11167975	Internal	SearchIQ
11169152	Domain	Sedo Domain 1 Click
113	Internal	SID 113 PPC Premium Class 1
123	Internal	SID 123 PPC Action Tracking and Capping Test
11167563	Other	simpledollar-search-Citibank-direct-us
11171905	Contextual	SIQ Commerce Beautyriot.com
11171908	Contextual	SIQ Commerce Comingsoon.net
11171912	Contextual	SIQ Commerce Dogtime.com
11171909	Contextual	SIQ Commerce Liveoutdoors.com
11171916	Contextual	SIQ Commerce Mandatory.com
11171861	Contextual	SIQ Commerce Momtastic
11171907	Contextual	SIQ Commerce Superherohype.com
11171860	Contextual	SIQ Commerce TheFashionSpot
11171859	Contextual	SIQ Commerce TotalBeauty
11167218	Domain	Skenzo Domain
11167219	Domain	Skenzo Domain Adult
11167220	Domain	Skenzo Domain Mobile
11170698	Domain	Skenzo Domain One-Click
11172038	Contextual	Skimlinks Best Western Product
11172039	Contextual	Skimlinks CarPriceSecrets Product
11172040	Contextual	Skimlinks Choice Hotels Product
11172041	Contextual	Skimlinks eBates/Rakuten Product
11172186	Contextual	Skimlinks e-File Product
11172042	Contextual	Skimlinks Experian Product
11172043	Contextual	Skimlinks FreeShipping.com Product
11172044	Contextual	Skimlinks Genealogy Bank Product
11172150	Contextual	Skimlinks Groupon Product
11171902	Contextual	Skimlinks Hotwire Product
11172151	Contextual	Skimlinks HR Block Product
11171899	Contextual	Skimlinks JCPenney Product
11172045	Contextual	Skimlinks LampsPlus Product
11171901	Contextual	Skimlinks Macys Product
11172046	Contextual	Skimlinks Merrell Product
11172047	Contextual	Skimlinks Overstock Product
11171900	Contextual	Skimlinks Sears Product
11172048	Contextual	Skimlinks Talbots Product
11172049	Contextual	Skimlinks Teleflora Product
11172190	Contextual	Skimlinks The Zebra Product
11172187	Contextual	Skimlinks Transunion Product
11172152	Contextual	Skimlinks Zenni Optical Product
11169697	Deal Site	Slick Deals Chewy
11169712	Deal Site	SlickDeals AppleMusic
11170929	Deal Site	Slickdeals CenturyLink 
11169605	Deal Site	SlickDeals Contextual 1800Contacts
11169634	Deal Site	SlickDeals Contextual eFile
11169633	Deal Site	SlickDeals Contextual Keurig
11169616	Deal Site	SlickDeals Contextual Nissan
11169595	Deal Site	SlickDeals Contextual PizzaHut
11169635	Deal Site	SlickDeals Contextual Samsung
11169615	Deal Site	SlickDeals Contextual Volvo
11170790	Deal Site	SlickDeals Dollar Shave Club
11172135	Deal Site	Slickdeals eFile Product
11171139	Deal Site	Slickdeals Forever21 Product
11171155	Deal Site	Slickdeals Geico
11171690	Deal Site	Slickdeals Geico Product
11170791	Deal Site	Slickdeals H&R Block Product
11170218	Deal Site	SlickDeals Hotwire
11171496	Deal Site	Slickdeals Kmart Product
11170428	Deal Site	Slickdeals Lamps Plus Product
11171616	Deal Site	Slickdeals Nissan Product
11170288	Deal Site	Slickdeals Overstock Deeplinking
11171401	Deal Site	Slickdeals Progressive
11171686	Deal Site	Slickdeals Samsung Dishwashers Product
11171771	Deal Site	Slickdeals Samsung Dryers Product
11171723	Deal Site	Slickdeals Samsung Product
11171769	Deal Site	Slickdeals Samsung TV Product
11171770	Deal Site	Slickdeals Samsung Washers Product
11170220	Deal Site	Slickdeals Ticketmaster Home Page
11170219	Deal Site	Slickdeals Trivago
11170515	Deal Site	SlickDeals TurboTax Product
11170173	Deal Site	SlickDeals Victorias Secret
11170244	Deal Site	Slickdeals Victorias Secret Product
11171955	Deal Site	Slickdeals Zenni Optical Product
11170666	Contextual	SmartAsset Efile
11170668	Contextual	SmartAsset Experian
11170667	Contextual	SmartAsset HR Block
11171854	Contextual	SmartAsset LendingTree Refi Express
11170669	Contextual	SmartAsset TransUnion
11167454	Pop/Lightbox	Sojern-pop-over-Hotwire HotelsUSA-kw-us-direct
11171867	Internal	Source Status InActive
11171890	Social	SourceKnowledge Overstock Product
11170650	Extension	Start.Me Hotwire
11170652	Extension	Start.Me JC Penney
11170651	Extension	Start.Me Trivago
11169320	Search	SuperOffers Contextual
11170269	Mobile Browser	Syclone AppleMusic CPA
11170623	Mobile Browser	Syclone Experian
11170620	Mobile Browser	Syclone Hotwire
11170618	Mobile Browser	Syclone JCPenney
11170624	Mobile Browser	Syclone LegalZoom
11170476	Mobile Browser	Syclone MaxSecurity FB
11170473	Mobile Browser	Syclone NiceNightClick FB
11170619	Mobile Browser	Syclone Overstock
11170464	Mobile Browser	Syclone Phoenix Browser FB
11170621	Mobile Browser	Syclone TurboTax
11170477	Mobile Browser	Syclone TweakBox FB
11170465	Mobile Browser	Syclone Vskit FB
11170485	Mobile Browser	Syclone YY Browser FB
11171871	Browser	Symbaloo eBates Product
11171875	Browser	Symbaloo Hotwire Product
11171874	Browser	Symbaloo Overstock Product
11170411	Arbitrage	System1
11167226	Native	taboola
11167225	Native	Taboola Native Marriott
11167227	Native	Taboola Native Samsung
11170214	Native	Tavolo InsureMyCarNow
11170216	Arbitrage	Tavolo LegalZoom
11170215	Arbitrage	Tavolo LendingTree
11170263	Arbitrage	Tavolo SVG Medicare
110	Internal	testResponseTime
11167914	Other	thatgaybackpacker-search-organic
11172175	Contextual	The Penny Hoarder Experian
11172178	Contextual	The Penny Hoarder Lending Tree Personal Loans
11172177	Contextual	The Penny Hoarder The Zebra
11172176	Contextual	The Penny Hoarder Transunion
11163239	Internal	TheShopAroundcom
11167594	Other	thesimpledollar - organic search
11169357	Contextual	ThinkClever Contextual
11171006	Lead Gen	Tigran Mekikian
11171097	Lead Gen	Tigran Mekikian
11171005	Lead Gen	Tigran Mekikian
11171086	Lead Gen	Tigran Mekikian
11171098	Lead Gen	Tigran Mekikian
11165150	Domain	TONIC Domain
11171754	Domain	TONIC Domain Adult
11172016	Lead Gen	Traffic Point LendingTree Personal Loans
11172122	Lead Gen	Traffic Point LendingTree Short Form
11169391	Search	TrafficClub Search
11171855	Lead Gen	Transparently MB Geico
11171726	Lead Gen	Transparently MB LendingTree Debt Relief
11171946	Lead Gen	Transparently MB Prudential
11171958	Lead Gen	Transparently MB Prudential Mobile
11171712	Lead Gen	Transparently Progressive 
11164440	Domain	Trellian Domain
11164606	Domain	Trellian Domain Adult
11168337	Other	tropicdomains-zeroclick
11171650	Contextual	VigLink
11171636	Contextual	VigLink
11171655	Contextual	VigLink
11171678	Contextual	VigLink
11171658	Contextual	VigLink
11170562	Contextual	VigLink
11171656	Contextual	VigLink
11171684	Contextual	VigLink
11169874	Contextual	VigLink
11170904	Contextual	VigLink
11169879	Contextual	VigLink Convert 1800Contacts
11172149	Contextual	VigLink Convert 55 Places Product
11172023	Contextual	VigLink Convert AbeBooks
11172034	Contextual	VigLink Convert AbeBooks Product
11171809	Contextual	VigLink Convert AmeriSleep Product
11171491	Contextual	VigLink Convert Apartment List Product
11171490	Contextual	VigLink Convert ApartmentList
11171983	Contextual	VigLink Convert AT&T Savings Product
11170564	Contextual	VigLink Convert Bates Footwear
11169902	Contextual	VigLink Convert Benepath Healthcare
11169901	Contextual	VigLink Convert Benepath Medicare
11171891	Contextual	VigLink Convert Best Western
11171918	Contextual	VigLink Convert Best Western Product
11169882	Contextual	VigLink Convert BlackBook
11171280	Contextual	VigLink Convert BluDot
11171303	Contextual	VigLink Convert BluDot Product
11170724	Contextual	VigLink Convert Burpee Product
11170720	Contextual	VigLink Convert Buttercloth Product
11170080	Contextual	VigLink Convert Carbon38
11170433	Contextual	VigLink Convert Carbon38 Product
11169881	Contextual	VigLink Convert CarPriceSecrets
11171981	Contextual	VigLink Convert Century Link Quote Product
11169889	Contextual	VigLink Convert Chewy
11170385	Contextual	VigLink Convert Chewy Product
11171732	Contextual	VigLink Convert Choice Hotels Product
11171850	Contextual	VigLink Convert Courtyard
11170104	Contextual	VigLink Convert DollarShaveClub
11170721	Contextual	VigLink Convert eBates
11170722	Contextual	VigLink Convert eBates Product
11171485	Contextual	VigLink Convert eBates Product 2
11172147	Contextual	VigLink Convert E-file Product
11171286	Contextual	VigLink Convert E-File.com
11169880	Contextual	VigLink Convert EHarmony
11172131	Contextual	VigLink Convert Essilor Product
11169792	Contextual	VigLink Convert Experian
11171339	Contextual	VigLink Convert Experian Product
11171129	Contextual	VigLink Convert Forever21 Product
11169883	Contextual	VigLink Convert FreeShipping
11172001	Contextual	VigLink Convert FreeShipping Product
11171982	Contextual	VigLink Convert Frontier Bundles Product
11171158	Contextual	VigLink Convert Geico
11169897	Contextual	VigLink Convert Genealogy Bank
11171391	Contextual	VigLink Convert Genealogy Bank Product
11171971	Contextual	VigLink Convert Groupon
11172057	Contextual	VigLink Convert Groupon Product
11170081	Contextual	VigLink Convert GruntStyle
11170434	Contextual	VigLink Convert GruntStyle Product
11170642	Contextual	VigLink Convert H&R Block Product
11171619	Contextual	VigLink Convert Harrys
11169793	Contextual	VigLink Convert Hotwire
11170899	Contextual	VigLink Convert Hotwire Product
11170931	Contextual	VigLink Convert HP Product
11172138	Contextual	VigLink Convert Hulu
11169899	Contextual	VigLink Convert InsureMyCarNow 
11171730	Contextual	VigLink Convert Intelius Product
11169814	Contextual	VigLink Convert JCPenney
11170030	Contextual	VigLink Convert JCPenney Product
11172148	Contextual	VigLink Convert Keen Footwear Product
11170334	Contextual	VigLink Convert Keurig
11171481	Contextual	VigLink Convert Kmart Product
11170414	Contextual	VigLink Convert Lamps Plus
11170429	Contextual	VigLink Convert Lamps Plus Product
11169794	Contextual	VigLink Convert LegalZoom
11169917	Contextual	VigLink Convert LegalZoom2
11170696	Contextual	VigLink Convert LendingTree Product
11171484	Contextual	VigLink Convert LifeLineScreening
11171313	Contextual	VigLink Convert Lucidchart Product
11169876	Contextual	VigLink Convert Macys
11169948	Contextual	VigLink Convert Macys Product
11171849	Contextual	VigLink Convert Marriott
11172134	Contextual	VigLink Convert Mercedes Benz Product
11170165	Contextual	VigLink Convert Merrel Product
11169965	Contextual	VigLink Convert Merrell
11172142	Contextual	VigLink Convert Morningbrew.com
11172125	Contextual	VigLink Convert National Geographic Product
11169967	Contextual	VigLink Convert NewCars
11170518	Contextual	VigLink Convert Nissan
11171340	Contextual	VigLink Convert Nissan Product
11171964	Contextual	VigLink Convert Noom
11172126	Contextual	VigLink Convert Nutranext SAN Product
11169885	Contextual	VigLink Convert NY and Co
11169790	Contextual	VigLink Convert Overstock
11169904	Contextual	VigLink Convert Overstock Product
11170178	Contextual	VigLink Convert Pandora Jewelry
11170896	Contextual	VigLink Convert Pandora Jewelry Product
11171393	Contextual	VigLink Convert Parachute Home Product
11171392	Contextual	VigLink Convert ParachuteHome
11170368	Contextual	VigLink Convert Pizza Hut
11170369	Contextual	VigLink Convert Postmates
11171396	Contextual	VigLink Convert Progressive
11171941	Contextual	VigLink Convert Prudential
11170630	Contextual	VigLink Convert Realtor.com
11170634	Contextual	VigLink Convert Realtor.com Product
11172216	Contextual	VigLink Convert Restasis Product
11170883	Contextual	VigLink Convert Samsung Beyond
11170887	Contextual	VigLink Convert Samsung Beyond Design
11171152	Contextual	VigLink Convert Sears
11171151	Contextual	VigLink Convert Sears Product
11169971	Contextual	VigLink Convert SelectQuoteSenior
11169972	Contextual	VigLink Convert Sperry
11170164	Contextual	VigLink Convert Sperry Product
11170581	Contextual	VigLink Convert SprezzaBox
11172063	Contextual	VigLink Convert Tag Heuer
11172058	Contextual	VigLink Convert Tag Heuer Product
11171953	Contextual	VigLink Convert Talbots Product
11171919	Contextual	VigLink Convert Tea Collection Product
11171925	Contextual	VigLink Convert Teleflora Product
11169892	Contextual	VigLink Convert Terminix
11172013	Contextual	VigLink Convert The Fruit Company
11169898	Contextual	VigLink Convert The Zebra
11171387	Contextual	VigLink Convert Transunion Product
11169884	Contextual	VigLink Convert Trivago
11171714	Contextual	VigLink Convert Trivago Product
11169903	Contextual	VigLink Convert TruGreen
11170438	Contextual	VigLink Convert TurboTax Product
11170270	Contextual	VigLink Convert Under Armour
11170319	Contextual	VigLink Convert Under Armour Product
11172197	Contextual	VigLink Convert United Medicare Advisors Product
11170181	Contextual	VigLink Convert Victorias Secret
11170184	Contextual	VigLink Convert Victorias Secret Product
11170609	Contextual	VigLink Convert Vivint
11170648	Contextual	VigLink Convert Vivint Product
11170461	Contextual	VigLink Convert Walmart Product
11169888	Contextual	VigLink Convert Webstaurant Store
11170413	Contextual	VigLink Convert Webstaurant Store Product
11171851	Contextual	VigLink Convert Westin
11171869	Contextual	VigLink Convert Zenni Optical Product
11171821	Contextual	VigLink Convert ZoomInfo
11172012	Contextual	VigLink Convert Zoominfo Product
11169631	Intext	VigLink Insert
11170890	Extension	VisicomMedia
11168477	Extension	Wajam Search
11170155	Lead Gen	WebwidgetMedia Experian
11170874	Lead Gen	WebwidgetMedia Lending Tree Home Equity 
11170873	Lead Gen	WebwidgetMedia Lending Tree Refinance
11170876	Lead Gen	WebwidgetMedia Transunion 
11171744	Push	What If Media CarpriceSecrets
11171734	Push	What If Media Choice Hotels
11172109	Push	What If Media Essilor
11171984	Push	What If Media LendingTree Personal Loans
11171980	Push	What If Media LendingTree SF
11172163	Push	What If Media Mercedes Benz
11172129	Push	What If Media National Geographic
11172188	Push	What If Media Restasis
11171926	Push	What If Media Teleflora
11171284	Push	WhatIf Media eFile
11171646	Push	WhatIf Media Group
11171647	Push	WhatIf Media Group
11171648	Push	WhatIf Media Group
11170614	Push	WhatIf Media H&R Block
11170615	Push	WhatIf Media LegalZoom
11171589	Push	WhatIf Media Nissan
11170613	Push	WhatIf Media TurboTax
11171301	Push	WhatIf Media Volvo
11170893	Push	WhatIfMedia At&T Frontier
11170662	Push	WhatIfMedia Carpricesecrets.com
11170892	Push	WhatIfMedia Centurylink
11170795	Push	WhatIfMedia Experian
11170954	Push	WhatIfMedia Transunion
11170663	Push	WhatIfMedia Uverse
11170798	Domain	WhiteSand Domain
11163620	Other	WS - Wildcard
11170487	Domain	www.com
11166375	Pop/Lightbox	Wwwpromoter-Hotwire_Branded-pop-over-us-direct-mb
11170543	Domain	XYZ Invest Domain
11168511	Lead Gen	Yellowpages-search-home security-us-direct
11168512	Lead Gen	Yellowpages-search-HVAC-us-direct
11171612	Contextual	YieldKit
11171623	Contextual	YieldKit
11171687	Contextual	YieldKit
11171685	Contextual	YieldKit
11170738	Contextual	YieldKit 1800Contacts
11171825	Contextual	YieldKit Amerisleep
11170919	Contextual	YieldKit ApartmentList
11171828	Contextual	YieldKit Auto Web Quote
11171954	Contextual	YieldKit Best Western
11171923	Contextual	YieldKit Best Western Product
11171829	Contextual	YieldKit Blackbook
11170920	Contextual	YieldKit Burpee
11170743	Contextual	YieldKit CarPriceSecrets
11171836	Contextual	YieldKit Chaco
11171841	Contextual	YieldKit Chaco Product
11170742	Contextual	YieldKit Chewy
11171324	Contextual	YieldKit Chewy Product
11171745	Contextual	YieldKit Choice Hotels
11171746	Contextual	YieldKit Choice Hotels Product
11170739	Contextual	YieldKit DollarShaveClub
11171609	Contextual	YieldKit eBates Product
11170737	Contextual	YieldKit Eharmony
11172107	Contextual	YieldKit Essilor
11172108	Contextual	YieldKit Essilor Product
11170706	Contextual	YieldKit Experian
11171494	Contextual	YieldKit Experian Product
11170734	Contextual	YieldKit Freeshipping
11171157	Contextual	YieldKit Geico
11171620	Contextual	YieldKit Geico Product
11170918	Contextual	YieldKit Geneology Bank
11170910	Contextual	YieldKit GruntStyle
11170703	Contextual	YieldKit H&R Block
11170912	Contextual	YieldKit H&R Block
11172121	Contextual	YieldKit H&R Block Product
11171629	Contextual	Yieldkit Harrys
11170736	Contextual	YieldKit Hotwire
11171314	Contextual	YieldKit HP
11171326	Contextual	YieldKit HP Product
11171837	Contextual	YieldKit Hush Puppies
11171842	Contextual	YieldKit Hush Puppies Product
11170925	Contextual	YieldKit InsureMyCar
11170909	Contextual	YieldKit Intelius
11170704	Contextual	YieldKit JCPenney
11170947	Contextual	YieldKit JCPenney Product
11172166	Contextual	YieldKit Keen Footwear
11172167	Contextual	YieldKit Keen Footwear Product
11171624	Contextual	YieldKit Kmart Product
11170740	Contextual	YieldKit LampsPlus
11171327	Contextual	YieldKit LampsPlus Product
11170735	Contextual	YieldKit LegalZoom
11170702	Contextual	YieldKit LendingTree
11171738	Contextual	YieldKit LendingTree Debt Relief
11171830	Contextual	YieldKit Life Line Screening
11170707	Contextual	YieldKit Macys
11171322	Contextual	YieldKit Macys Product
11171845	Contextual	YieldKit Marriott
11170915	Contextual	YieldKit Merrell
11171857	Contextual	Yieldkit Merrell Product
11171827	Contextual	YieldKit Monevo
11172168	Contextual	YieldKit Morning Brew
11171605	Contextual	YieldKit Nissan
11171606	Contextual	YieldKit Nissan Product
11172028	Contextual	Yieldkit Noom
11170708	Contextual	YieldKit Overstock
11171493	Contextual	YieldKit Overstock Product
11170913	Contextual	YieldKit Pandora
11171813	Contextual	YieldKit Progressive
11170911	Contextual	YieldKit RealtorLead
11172219	Contextual	YieldKit Restasis
11172217	Contextual	YieldKit Restasis Product
11170917	Contextual	YieldKit Sage
11170908	Contextual	YieldKit Samsung Home Appliances
11171637	Contextual	YieldKit Samsung Home Appliances Product
11171838	Contextual	YieldKit SAP
11171694	Contextual	YieldKit Sears
11171846	Contextual	YieldKit Sheraton
11170916	Contextual	YieldKit Sperry
11171856	Contextual	Yieldkit Sperry Product
11172087	Contextual	YieldKit TAG Heuer 
11172088	Contextual	YieldKit TAG Heuer Product
11171994	Contextual	Yieldkit Talbots
11171988	Contextual	Yieldkit Talbots Product
11171944	Contextual	Yieldkit Tea Collection
11171945	Contextual	Yieldkit Tea Collection Product
11172015	Contextual	Yieldkit The Fruit Company
11170914	Contextual	YieldKit TheZebra
11170744	Contextual	YieldKit Toyota
11171832	Contextual	YieldKit TransUnion
11171840	Contextual	YieldKit TransUnion Product
11170741	Contextual	YieldKit Trivago
11170705	Contextual	YieldKit TurboTax
11170709	Contextual	YieldKit Under Armour
11171831	Contextual	YieldKit United Medicare Advisors
11171611	Contextual	YieldKit Vivint
11171607	Contextual	YieldKit Vivint Product
11170745	Contextual	YieldKit Volvo
11171847	Contextual	YieldKit W Hotels
11170710	Contextual	YieldKit Webstaurant
11171323	Contextual	YieldKit Webstaurant Product
11171848	Contextual	YieldKit Westin
11171883	Contextual	YieldKit Zenni Optical
11171884	Contextual	YieldKit Zenni Optical Product
11171833	Contextual	YieldKit Zip Recruiter
11171834	Contextual	YieldKit Zoominfo
11168024	Search	YP.com-search- Schwan's - us-direct
11168279	Search	Yp.com-search- Terminix-direct-us
11168331	Search	Yp.com-search- Tru Green-direct-us
11168025	Search	YP.com-search- WindowCosts - us-direct
11168251	Search	Yp.com-search- zappos-direct-us
11171292	Contextual	Zoomd Volvo Search Results